Index,Precursor mz,Challenge,Formula,SMILES,InChIkey,Adduct,Ion mode
challenge_0,517.2210 ,CASMI2022_Priority_0,C25H38O9,CC12CC(CC(C1CCC34C2CCC(C3)C(=C)C4O)C(=O)O)OC5C(C(C(C(O5)CO)O)O)O,ZUDBDCBPZHGAEL-DCYCNZAJSA-N,[M+Cl]-,negative
challenge_1,959.4857 ,CASMI2022_Priority_1,C46H74O18,CC1(C2CCC3(C(C2(CCC1OC4C(C(C(CO4)OC5C(C(C(C(O5)CO)O)O)O)O)OC6C(C(C(C(O6)CO)O)O)O)C)CC=C7C3(CCC8(C7CC(CC8)(C)O)C(=O)O)C)C)C,ZKCHQVRAXCCTLE-YXHZOQBQSA-N,[M+FA-H]-,negative
challenge_2,719.2546 ,CASMI2022_Priority_2,C35H42O16,CC1C(C(C(C(O1)OC2=C(OC3=C(C(=CC(=C3C2=O)O)O)CC=C(C)C)C4=CC=C(C=C4)OC)O)OC5C(C(C(C(O5)CO)O)O)O)OC(=O)C,UYALDZZEAZIEME-MYTBKXFISA-N,[M+H]+,positive
challenge_3,467.2728 ,CASMI2022_Priority_3,C22H40N2O7,CC(C)CC(C(=O)O)NC(=O)C(C(C)C)OC(=O)C(C(C)C)NC(=O)C(CC(C)C)O,IFQVIMQHTPDZQU-UHFFFAOYSA-N,[M+Na]+,positive
challenge_4,499.2302 ,CASMI2022_Priority_4,C26H36O8,CC1CC2(C(C1O)C=C(C(CC3C(C3(C)C)C=C(C2=O)C)OC(=O)CCC(=O)O)C)OC(=O)C,XPXRFYSHQGUVFK-UTXMSIPTSA-N,[M+Na]+,positive
challenge_5,1102.5793 ,CASMI2022_Priority_5,C54H84O22,CC1C(C(C(C(O1)OC2C(OC(C(C2O)O)OCC3C(C(C(C(O3)OC(=O)C45CCC(=C)CC4C6=CCC7C8(CCC(C(C8CCC7(C6(CC5)C)C)(C)C)OC9C(C(C(CO9)O)O)O)C)O)O)O)COC(=O)C)O)O)O,XPCKJVBBSBPFQL-DCULSWDLSA-N,[M+NH4]+,positive
challenge_6,577.1563 ,CASMI2022_Priority_6,C27H30O14,CC1C(C(C(C(O1)OC2C(C(C(OC2OC3=CC(=CC4=C3C(=O)C=C(O4)C5=CC=C(C=C5)O)O)CO)O)O)O)O)O,LYKXPTCUGPKDQL-ZRXCBZTOSA-N,[M-H]-,negative
challenge_7,371.2439 ,CASMI2022_Priority_7,C20H36O6,CCCCCCCCCC(=O)OC(C(C(C)C)OC(=O)C(C)C)C(=O)O,RZCUHAHZISRSJD-UHFFFAOYSA-N,[M-H]-,negative
challenge_8,336.1740 ,CASMI2022_Priority_8,C17H25N3O2S,CN(C)CCC1=CNC2=C1C=C(C=C2)CS(=O)(=O)N3CCCC3,WKEMJKQOLOHJLZ-UHFFFAOYSA-N,[M+H]+,positive
challenge_9,472.2092 ,CASMI2022_Priority_9,C25H25N7O3,CN1C2=C(C=C(C=C2)C(=O)N(CCC(=O)O)C3=CC=CC=N3)N=C1CNC4=CC=C(C=C4)C(=N)N,YBSJFWOBGCMAKL-UHFFFAOYSA-N,[M+H]+,positive
challenge_10,657.3130 ,CASMI2022_Priority_10,C33H44N4O10,CCCC(=O)OCC(C(C(CN1C2=C(C=C(C(=C2)C)C)N=C3C1=NC(=O)NC3=O)OC(=O)CCC)OC(=O)CCC)OC(=O)CCC,MJNIWUJSIGSWKK-BBANNHEPSA-N,[M+H]+,positive
challenge_11,185.0608 ,CASMI2022_Priority_11,C12H10O2,CC1=CC=C(C2=CC=CC=C12)C(=O)O,SIVYRLBDAPKADZ-UHFFFAOYSA-N,[M-H]-,negative
challenge_12,723.3961 ,CASMI2022_Priority_12,C37H58O11,CC1CC(OC2(C1C3(CCC45CC46CCC(C(C6CC=C5C3(C2O)C)(C)C)OC7C(C(C(CO7)O)O)O)C)O)C(C(C)(C)O)OC(=O)C,FTUCJLKRCLNNPB-OQDXJULVSA-N,[M+FA-H]-,negative
challenge_13,679.4063 ,CASMI2022_Priority_13,C36H58O9,CC1(CCC2(CCC3(C(=CCC4C3(CCC5C4(CC(C(C5(C)C)O)O)C)C)C2C1)C)C(=O)OC6C(C(C(C(O6)CO)O)O)O)C,WNRDHIDWADTLIO-YYCILOOSSA-N,[M+FA-H]-,negative
challenge_14,519.3316 ,CASMI2022_Priority_14,C30H46O7,CC1CCC2(CCC3(C(=CCC4C3(CCC5C4(CC(C(C5(C)C(=O)O)O)O)C)C)C2C1(C)O)C)C(=O)O,FYGSMJAMPMZYFS-XOTGQYDDSA-N,[M+H]+,positive
challenge_15,233.1172 ,CASMI2022_Priority_15,C14H16O3,CCC1(C(=O)C=CC2=C1OC(=C(C2=O)C)C)C,QMMMQWRPZIJGPT-AWEZNQCLSA-N,[M+H]+,positive
challenge_16,555.2776 ,CASMI2022_Priority_16,C26H44O11,CC1(CCC2C3(CCCC(C3CC(C2(C1)O)O)(C)C(=O)O)C)C(COC4C(C(C(C(O4)CO)O)O)O)O,SFLNQLHULUYBES-UHFFFAOYSA-N,[M+Na]+,positive
challenge_17,918.5268 ,CASMI2022_Priority_17,C42H76O20,CCCCCC(CC(CC(=O)OC(CCCCC)CC(CC(=O)OC(CCCCC)CC(CC(=O)O)OC1C(C(C(C(O1)CO)O)O)O)OC2C(C(C(C(O2)CO)O)O)O)O)O,BQIUFGZODBARSL-UHFFFAOYSA-N,[M+NH4]+,positive
challenge_18,195.0663 ,CASMI2022_Priority_18,C10H12O4,COC1=CC(=C(C=C1)CCC(=O)O)O,CGWRDLSMEFSEDN-UHFFFAOYSA-N,[M-H]-,negative
challenge_19,529.1715 ,CASMI2022_Priority_19,C27H30O11,CC1C(C(C(C(O1)OC2=C(OC3=C(C(=CC(=C3C2=O)O)O)CC(C(=C)C)O)C4=CC=C(C=C4)OC)O)O)O,SRPODRMTMBGGLK-MLIZCRTMSA-N,[M-H]-,negative
challenge_20,347.1278 ,CASMI2022_Priority_20,C22H18O4,CC1=C(C=C(C=C1)C2(C3=CC=CC=C3C(=O)O2)C4=CC(=C(C=C4)C)O)O,VCSUYXUJFRFUEL-UHFFFAOYSA-N,[M+H]+,positive
challenge_21,454.0753 ,CASMI2022_Priority_21,C21H18F3NO3S2,CC1=C(C=CC(=C1)SCC2=C(N=C(S2)C3=CC=C(C=C3)C(F)(F)F)C)OCC(=O)O,YDBLKRPLXZNVNB-UHFFFAOYSA-N,[M+H]+,positive
challenge_22,489.2279 ,CASMI2022_Priority_22,C23H32N6O4S,CCCC1=NN(C2=C1N=C(NC2=O)C3=C(C=CC(=C3)S(=O)(=O)N4CCN(CC4)CC)OCC)C,MJEXYQIZUOHDGY-UHFFFAOYSA-N,[M+H]+,positive
challenge_23,181.0142 ,CASMI2022_Priority_23,C8H6O5,C1=CC(=C(C=C1O)C(=O)O)C(=O)O,MWRVRCAFWBBXTL-UHFFFAOYSA-N,[M-H]-,negative
challenge_24,1111.5097 ,CASMI2022_Priority_24,C52H84O23,CC1(C2CCC3(C(C2(CCC1OC4C(C(C(CO4)OC5C(C(C(C(O5)CO)O)O)O)O)OC6C(C(C(C(O6)CO)O)O)O)C)CC=C7C3(CCC8(C7CC(CC8)(C)O)C(=O)OC9C(C(C(C(O9)CO)O)O)O)C)C)C,FMERKDCSVVHBLX-KCTRNYBHSA-N,[M+Cl]-,negative
challenge_25,192.1383 ,CASMI2022_Priority_25,C12H17NO,CC(C)NC(=O)CCC1=CC=CC=C1,ZYRLCOGVOHEKBK-UHFFFAOYSA-N,[M+H]+,positive
challenge_26,717.3820 ,CASMI2022_Priority_26,C37H58O12,CC1CC(OC(=O)C1C2(CCC34CC35CCC(C(C5CCC4C2(C)C(=O)O)(C)C)OC6C(C(C(CO6)O)O)O)C)C(C(C)(C)O)OC(=O)C,CNWZWVFEXLYSBT-KCPUTACTSA-N,[M+Na]+,positive
challenge_27,545.2146 ,CASMI2022_Priority_27,C30H34O8,CC1C(C(OC1C2=CC3=C(C=C2)OCO3)C4=CC(=C(C=C4)OC(C)C(C5=CC(=C(C=C5)OC)O)O)OC)C,UDWINLZYCCTMBM-KVGJNFRLSA-N,[M+Na]+,positive
challenge_28,1266.7052 ,CASMI2022_Priority_28,C58H104O28,CCCCCC(CC(CC(=O)OC(CCCCC)CC(CC(=O)OC(CCCCC)CC(CC(=O)OC(CCCCC)CC(CC(=O)O)OC1C(C(C(C(O1)CO)O)O)O)OC2C(C(C(C(O2)CO)O)O)O)O)O)OC3C(C(C(C(O3)CO)O)O)O,DXKIYFYDJGEVJY-UHFFFAOYSA-N,[M+NH4]+,positive
challenge_29,725.2298 ,CASMI2022_Priority_29,C33H42O18,CC1C(C(C(C(O1)OCC2C(C(C(C(O2)OC3=CC(=C4C(=O)CC(OC4=C3)C5=CC=C(C=C5)O)O)OC6C(C(C(C(O6)C)O)O)O)O)O)O)O)O,BRDVWIOUHLWIGN-LJHYTBJKSA-N,[M-H]-,negative
challenge_30,535.1821 ,CASMI2022_Priority_30,C26H32O12,COC1=CC(=CC(=C1O)C2C(C(C(C(O2)CO)O)O)O)CC3COC(=O)C3(CC4=CC(=C(C=C4)O)OC)O,LIIDAMUJPFBXAR-FPOXNKGTSA-N,[M-H]-,negative
challenge_31,211.0976 ,CASMI2022_Priority_31,C11H16O4,CCCCCC1C(=C(C(=O)O1)C)C(=O)O,OIUPBOONLQPLQI-MRVPVSSYSA-N,[M-H]-,negative
challenge_32,185.1183 ,CASMI2022_Priority_32,C10H18O3,CC(CCCC(=CCO)C)C(=O)O,YVJQQTNULQIMBG-VIFPVBQESA-N,[M-H]-,negative
challenge_33,505.2228 ,CASMI2022_Priority_33,C23H32N6O5S,CCCC1=NN(C2=C1N=C(NC2=O)C3=C(C=CC(=C3)S(=O)(=O)N4CCN(CC4)CCO)OCC)C,NEYKRKVLEWKOBI-UHFFFAOYSA-N,[M+H]+,positive
challenge_34,522.5972 ,CASMI2022_Priority_34,C36H75N,CCCCCCCCCCCCN(CCCCCCCCCCCC)CCCCCCCCCCCC,SWZDQOUHBYYPJD-UHFFFAOYSA-N,[M+H]+,positive
challenge_35,425.0110 ,CASMI2022_Priority_35,C14H15BrClNO6,C1=CC(=C(C2=C1NC=C2OC3C(C(C(C(O3)CO)O)O)O)Cl)Br,OPIFSICVWOWJMJ-AEOCFKNESA-N,[M+NH4]+,positive
challenge_36,223.9845 ,CASMI2022_Priority_36,C9H7NO2S2,C1=CC=C2C(=C1)N=C(S2)SCC(=O)O,ZZUQWNYNSKJLPI-UHFFFAOYSA-N,[M-H]-,negative
challenge_37,243.0874 ,CASMI2022_Priority_37,C10H14O4,CCCC(C1=C(OC(=O)C=C1)CO)O,KGBKYZFFQHZKLE-QMMMGPOBSA-N,[M+FA-H]-,negative
challenge_38,301.1657 ,CASMI2022_Priority_38,C14H24O4,CC=C(C)CC(C)C1C(C(C(C(=O)O1)(C)O)O)C,UKWNFIJQRGRIDQ-UHFFFAOYSA-N,[M+FA-H]-,negative
challenge_39,973.5014 ,CASMI2022_Priority_39,C47H76O18,CC1CCC2(CCC3(C(=CCC4C3(CCC5C4(CCC(C5(C)C)OC6C(C(C(CO6)O)O)OC7C(C(C(C(O7)CO)O)O)O)C)C)C2C1(C)O)C)C(=O)OC8C(C(C(C(O8)CO)O)O)O,WICIOAMNFCXLEV-MSGDGCCXSA-N,[M+FA-H]-,negative
challenge_40,251.1642 ,CASMI2022_Priority_40,C15H22O3,CC1=C(CC2(C13CCC(C3CC2)(C)O)C)C(=O)O,ODEUPBSFCFNAST-MXAVVETBSA-N,[M+H]+,positive
challenge_41,199.0965 ,CASMI2022_Priority_41,C10H14O4,CCCC1=C(C=CC(=O)O1)C(CO)O,WYOIVALENVXRJQ-QMMMGPOBSA-N,[M+H]+,positive
challenge_42,217.0835 ,CASMI2022_Priority_42,C11H14O3,CC=C(C)C1=CC(=C(C(=O)O1)C)OC,NRLCQITWKJENAT-UHFFFAOYSA-N,[M+Na]+,positive
challenge_43,805.4345 ,CASMI2022_Priority_43,C41H66O14,CC1CCC2(CCC3(C(=CCC4C3(CCC5C4(CCC(C5(C)CO)OC6C(C(C(CO6)O)O)O)C)C)C2C1(C)O)C)C(=O)OC7C(C(C(C(O7)CO)O)O)O,OQQOYQUBUVPAAU-SCPUYFPYSA-N,[M+Na]+,positive
challenge_44,865.2772 ,CASMI2022_Priority_44,C40H50O21,CC1C(C(C(C(O1)OC2=C(OC3=C(C2=O)C(=CC(=C3CC=C(C)C)OC4C(C(C(C(O4)CO)O)O)O)O)C5=CC=C(C=C5)OC)OC(C(C(=O)OC)O)OC(C)C(=O)O)O)O,HAVCNTVVRPOVNT-SLNRQDROSA-N,[M-H]-,negative
challenge_45,249.1496 ,CASMI2022_Priority_45,C15H22O3,CC1(C2C1C=C(CCC(C(=C)CC2)O)C(=O)O)C,UFUCTYSVQPEEFA-AVGNSLFASA-N,[M-H]-,negative
challenge_46,358.1660 ,CASMI2022_Priority_46,C20H25NO5,CC1C=CC2CCCCC2C1C3=CC(=C(C(=O)O3)C=O)NC(C)C(=O)O,WOPHEEXRJKUYKQ-UHFFFAOYSA-N,[M-H]-,negative
challenge_47,419.0973 ,CASMI2022_Priority_47,C20H18O10,COC1=C2C(=C(C(=C1)C(=O)OC)C3=C4C(=C(C=C3C(=O)OC)OC)OCO4)OCO2,JMZOMFYRADAWOG-UHFFFAOYSA-N,[M+H]+,positive
challenge_48,381.0070 ,CASMI2022_Priority_48,C13H15IN2O2,CC(=O)NCCC1=C(NC2=C1C=C(C=C2)OC)I,FJDDSMSDZHURBJ-UHFFFAOYSA-N,[M+Na]+,positive
challenge_49,600.4681 ,CASMI2022_Priority_49,C30H62O10,CCCCCCCCCCCCOCCOCCOCCOCCOCCOCCOCCOCCOCCO,ONJQDTZCDSESIW-UHFFFAOYSA-N,[M+NH4]+,positive
challenge_50,280.1415 ,CASMI2022_Priority_50,C12H19N5O3,CN1C2=C(N=C1NCCCOC)N(C(=O)N(C2=O)C)C,ZZQHGKMTMAORFI-UHFFFAOYSA-N,[M-H]-,negative
challenge_51,567.2083 ,CASMI2022_Priority_51,C26H34O11,COC1=CC(=CC(=C1OC2C(C(C(C(O2)CO)O)O)O)C(CC3=CC(=C(C=C3)O)OC)CO)C=CCO,UFFRBCKYXMEITK-PEBYTCCLSA-N,[M+FA-H]-,negative
challenge_52,1145.5233 ,CASMI2022_Priority_52,C50H84O26,CC1C(C(C(C(O1)OCC2C(C(C(C(O2)OCC(=CCC(C(=CCCC(=CCCC(C)(C=C)OC3C(C(C(C(O3)CO)O)O)OC4C(C(C(C(O4)CO)O)O)O)C)C)O)C)O)O)OC5C(C(C(C(O5)C)O)O)O)O)O)O,XBQGYUHHNKDVKX-LJPKUSMYSA-N,[M+FA-H]-,negative
challenge_53,235.0965 ,CASMI2022_Priority_53,C13H14O4,CC1C(=C)OC(=O)C2=C1C(=C(C=C2O)OC)C,CIGSWLXZMSXAAE-ZCFIWIBFSA-N,[M+H]+,positive
challenge_54,305.2475 ,CASMI2022_Priority_54,C20H32O2,CC1CCC2(C(C1(C)CCC(=CC(=O)O)C)CCC=C2C)C,NLVMTSRTOGOFQD-UHFFFAOYSA-N,[M+H]+,positive
challenge_55,251.0815 ,CASMI2022_Priority_55,C15H10N2O2,COC1=CC2=NC=CC3=C2N(C1=O)C4=CC=CC=C34,TXEFUSAHPIYZHD-UHFFFAOYSA-N,[M+H]+,positive
challenge_56,256.1907 ,CASMI2022_Priority_56,C14H25NO3,CCC(C(CC=CCC=CCCCC(=O)N)O)O,ZRAPVLSWOKTYNU-UHFFFAOYSA-N,[M+H]+,positive
challenge_57,284.1656 ,CASMI2022_Priority_57,C18H23NO2,CC(=CCC1(C2=C(C=C(C=C2)O)NC1=O)C(C)(C)C=C)C,FVINVHIYNUTXPB-SFHVURJKSA-N,[M-H]-,negative
challenge_58,265.1445 ,CASMI2022_Priority_58,C15H22O4,CC1CCC=C2C1(CC(C(C2O)O)C(=C)C(=O)O)C,JJXLDNFRQCESGZ-UHFFFAOYSA-N,[M-H]-,negative
challenge_59,263.1289 ,CASMI2022_Priority_59,C15H20O4,CC1(CC2C=C(C3(CC3(C2C1)C)C(=O)O)C(=O)O)C,OAHIHSADYZLDCR-UHFFFAOYSA-N,[M-H]-,negative
challenge_60,305.1183 ,CASMI2022_Priority_60,C20H18O3,C1=CC(=CC=C1CC2=CC(=C(C=C2)O)CC3=CC=C(C=C3)O)O,YQOVRUAPWCGSLC-UHFFFAOYSA-N,[M-H]-,negative
challenge_61,784.9837 ,CASMI2022_Priority_61,C15H9F24O4P,C(C(C(C(C(F)F)(F)F)(F)F)(F)F)OP(=O)(OCC(C(C(C(F)F)(F)F)(F)F)(F)F)OCC(C(C(C(F)F)(F)F)(F)F)(F)F,BSOLVVCARHZLMT-UHFFFAOYSA-N,[M+FA-H]-,negative
challenge_62,287.1139 ,CASMI2022_Priority_62,C14H14N4O3,CC1=NC=C(C(=C1O)C=NNC(=O)C2=CC=NC=C2)CO,BQYIXOPJPLGCRZ-REZTVBANSA-N,[M+H]+,positive
challenge_63,564.2493 ,CASMI2022_Priority_63,C34H33N3O5,COC1=CC=CC2=C1NC3=C(C2=O)C=CC=C3C(=O)NC4=CC=C(C=C4)CCN5CCC6=CC(=C(C=C6C5)OC)OC,OSFCMRGOZNQUSW-UHFFFAOYSA-N,[M+H]+,positive
challenge_64,386.1839 ,CASMI2022_Priority_64,C22H25N3O2,CC(C)(CC1=CNC2=CC=CC=C21)NCC(COC3=CC=CC=C3C#N)O,FBMYKMYQHCBIGU-UHFFFAOYSA-N,[M+Na]+,positive
challenge_65,363.1580 ,CASMI2022_Priority_65,C17H28O6,CC1CC(C2C(C(C3(C2(C1C(OC3)O)O)C)O)(C)C)OC(=O)C,QFIZHIXXEOCVCR-QGCDZIMUSA-N,[M+Cl]-,negative
challenge_66,393.1919 ,CASMI2022_Priority_66,C20H28O5,CC1=CC(C(C1=O)C=C(C)CCC=C2CCC(OC2=O)C(C)(C)O)O,IHDNCMDRDAONNT-UHFFFAOYSA-N,[M+FA-H]-,negative
challenge_67,811.4485 ,CASMI2022_Priority_67,C41H66O13,CC1CCC2(CCC3(C(=CCC4C3(CCC5C4(CCC(C5(C)C)OC6C(C(C(CO6)O)O)OC7C(C(C(C(O7)CO)O)O)O)C)C)C2C1(C)O)C)C(=O)O,WBDDWIKJZNNKBQ-ZQUYRLKRSA-N,[M+FA-H]-,negative
challenge_68,442.1530 ,CASMI2022_Priority_68,C20H27NO8S,CC(=O)NC(CSCC(=O)C12CC(CC1C=C(C2CC(=O)O)C(=O)O)(C)C)C(=O)O,AGBBJVFSJVBRRY-UHFFFAOYSA-N,[M+H]+,positive
challenge_69,313.1622 ,CASMI2022_Priority_69,C14H26O6,C(CCCC(C(CCCC(=O)O)O)O)CCCC(=O)O,JCOCIXAHAFALHI-UHFFFAOYSA-N,[M+Na]+,positive
challenge_70,350.2173 ,CASMI2022_Priority_70,C16H28O7,CC(=CCC=C(C)C(CO)OC1C(C(C(C(O1)CO)O)O)O)C,JPFNJNIYHKVTDX-ZMAWNPEZSA-N,[M+NH4]+,positive
challenge_71,652.2964 ,CASMI2022_Priority_71,C32H42O13,CC1(C2CC(=O)C3(C(C2(C=CC(=O)O1)C)CCC(C34C(O4)C(=O)O)(C)C(C5=COC=C5)OC6C(C(C(C(O6)CO)O)O)O)C)C,MXZVBPOYCKIXHN-FFTVMPBDSA-N,[M+NH4]+,positive
challenge_72,405.2646 ,CASMI2022_Priority_72,C24H38O5,CC(C)C(=O)OCC1CC23CCC4C(C2CCC1C3)(CCCC4(CO)C(=O)O)C,FSQYXTHPPSJGNG-CSJFXCTJSA-N,[M-H]-,negative
challenge_73,181.0870 ,CASMI2022_Priority_73,C10H14O3,CC1=C(C(CCC1=O)(C)C)C(=O)O,NCJFEURQKCATER-UHFFFAOYSA-N,[M-H]-,negative
challenge_74,299.0561 ,CASMI2022_Priority_74,C16H12O6,COC1=C(C=CC(=C1)C2=COC3=CC(=CC(=C3C2=O)O)O)O,ZMFBGWWGXBNJAC-UHFFFAOYSA-N,[M-H]-,negative
challenge_75,585.2406 ,CASMI2022_Priority_75,C33H33FN2O4,CC(C)C1=C(C(=C(N1CCC2CC(CC(=O)O2)O)C3=CC=C(C=C3)F)C4=CC=CC=C4)C(=O)NC5=CC=CC=C5,OUCSEDFVYPBLLF-KAYWLYCHSA-N,[M+FA-H]-,negative
challenge_76,268.1696 ,CASMI2022_Priority_76,C18H21NO,CC(C)(C)C1=CC=C(C=C1)C(=O)N(C)C2=CC=CC=C2,HIYAQBUTHPUUSV-UHFFFAOYSA-N,[M+H]+,positive
challenge_77,414.0215 ,CASMI2022_Priority_77,C16H17BrClN3O3,C1CC(C(NC1)CC(=O)CN2C=NC3=CC(=C(C=C3C2=O)Cl)Br)O,LVASCWIMLIKXLA-LSDHHAIUSA-N,[M+H]+,positive
challenge_78,628.7926 ,CASMI2022_Priority_78,C12H11I3N2O4,CC(=O)NC1=C(C(=C(C(=C1I)C(=O)O)I)N(C)C(=O)C)I,GGGDNPWHMNJRFN-UHFFFAOYSA-N,[M+H]+,positive
challenge_79,435.1427 ,CASMI2022_Priority_79,C19H28O9,CC1=C(C(=C(C(=C1O)C(=O)CC(C)C)OC2C(C(C(C(O2)CO)O)O)O)C)O,XPIZBBYHXMPNEG-SQUCUVIGSA-N,[M+Cl]-,negative
challenge_80,408.2592 ,CASMI2022_Priority_80,C19H34O8,CC1CC(CC(C1(C=CC(C)OC2C(C(C(C(O2)CO)O)O)O)O)(C)C)O,MRPDHXXPDCVBPQ-NTTCMOHZSA-N,[M+NH4]+,positive
challenge_81,603.1684 ,CASMI2022_Priority_81,C27H32O14,COC1=C(C=C(C=C1)C2=C(C(=O)C3=C(O2)C(=C(C(=C3OC)OC)OC)OC)OC4C(C(C(C(O4)CO)O)O)O)OC,MSTIUVOQDAVXIA-SATOHXPNSA-N,[M+Na]+,positive
challenge_82,336.1054 ,CASMI2022_Priority_82,C14H19NO7,C1C(C=CC(=CC#N)C1OC2C(C(C(C(O2)CO)O)O)O)O,UTHVFIKQCUKKQW-BKZLMLJWSA-N,[M+Na]+,positive
challenge_83,652.4419 ,CASMI2022_Priority_83,C36H58O9,CC1CCC2(CCC3(C(=CCC4C3(CCC5C4(CC(C(C5(C)C)O)O)C)C)C2C1C)C)C(=O)OC6C(C(C(C(O6)CO)O)O)O,HZKJZYRLLBKBHA-DHRWMAOJSA-N,[M+NH4]+,positive
challenge_84,373.0565 ,CASMI2022_Priority_84,C18H14O9,CC1=CC(=C(C2=C1C(=O)OC3=C(O2)C(=C4C(OC(=O)C4=C3C)O)O)CO)O,DFPWLQCOSHYAIG-GOSISDBHSA-N,[M-H]-,negative
challenge_85,371.1136 ,CASMI2022_Priority_85,C20H20O7,COC1=CC(=CC2=C1OC(C2CO)C3=CC(=C(C=C3)O)OC)C=CC(=O)O,FHYQIQMSODIFCP-UHFFFAOYSA-N,[M-H]-,negative
challenge_86,165.0557 ,CASMI2022_Priority_86,C9H10O3,CC1=CC(=CC(=C1C(=O)C)O)O,GQXZUABNLSWQJA-UHFFFAOYSA-N,[M-H]-,negative
challenge_87,235.1704 ,CASMI2022_Priority_87,C15H24O2,CC=C(C)CCC=C(CCC=C(C)C)C(=O)O,JWBZQRMMZRWOSE-UHFFFAOYSA-N,[M-H]-,negative
challenge_88,447.2752 ,CASMI2022_Priority_88,C26H40O6,CC(C)C(=O)OCC1CC23CCC4C(C2CCC1C3)(CCCC4(COC(=O)C)C(=O)O)C,YXAGJAFSQKHJEB-JACRPAJASA-N,[M-H]-,negative
challenge_89,670.6203 ,CASMI2022_Priority_89,C12H18Br6,C1CC(C(CCC(C(CCC(C1Br)Br)Br)Br)Br)Br,DEIGXXQKDWULML-UHFFFAOYSA-N,[M+Cl]-,negative
challenge_90,88.0757 ,CASMI2022_Priority_90,C4H9NO,CCC(=NO)C,WHIVNJATOVLWBW-SNAWJCMRSA-N,[M+H]+,positive
challenge_91,812.4804 ,CASMI2022_Priority_91,C43H65N5O10,CCC1C2(C(C(C(=O)C(CC(C(C(C(=O)C(C(=O)O1)C)C)OC3C(C(CC(O3)C)N(C)C)O)(C)OC)C)C)N(C(=O)O2)CCCCN4C=C(N=C4)C5=CN=CC=C5)C,LJVAJPDWBABPEJ-XZVSULPPSA-N,[M+H]+,positive
challenge_92,449.0987 ,CASMI2022_Priority_92,C21H19ClN4O4,COC1=CC2=NC=CC(=C2C=C1C(=O)N)OC3=CC(=C(C=C3)NC(=O)NC4CC4)Cl,WOSKHXYHFSIKNG-UHFFFAOYSA-N,[M+Na]+,positive
challenge_93,441.0958 ,CASMI2022_Priority_93,C20H22O9,C1=CC(=CC=C1CO)OC2C(C(C(C(O2)COC(=O)C3=CC=C(C=C3)O)O)O)O,LIGHTUNOZWZMMP-CBNQQXHVSA-N,[M+Cl]-,negative
challenge_94,427.0954 ,CASMI2022_Priority_94,C23H20O6,CC(C)(C1CC2=C(O1)C=CC3=C2OC(=O)C=C3)OC(=O)C=CC4=CC=C(C=C4)O,YPULLITUOWRRPG-LJQANCHMSA-N,[M+Cl]-,negative
challenge_95,542.3698 ,CASMI2022_Priority_95,C28H51NO6,CCCCCC=CCC=CCCCCCCCC(=O)OCC(COCCC(C(=O)[O-])[N+](C)(C)C)O,MBBOPONQLZPJRT-UHFFFAOYSA-N,[M+FA-H]-,negative
challenge_96,339.0408 ,CASMI2022_Priority_96,C12H16Cl2O4,COC1=CC(=CC(=C1)O)CC(CC(C(Cl)Cl)O)O,MMMZDSQYAMMVEG-UHFFFAOYSA-N,[M+FA-H]-,negative
challenge_97,335.2217 ,CASMI2022_Priority_97,C20H30O4,CC12CCC3C(C1OCC2)C(=O)CC4C3(CCCC4(C)C(=O)O)C,KKUZEALMRZIWAJ-UHFFFAOYSA-N,[M+H]+,positive
challenge_98,267.1591 ,CASMI2022_Priority_98,C15H22O4,CC(=CCCC(=CCCC(=CC(=O)O)C)C(=O)O)C,UIDKGJWCHCMTEG-UHFFFAOYSA-N,[M+H]+,positive
challenge_99,636.4470 ,CASMI2022_Priority_99,C36H58O8,CC(CCC(C(C)(C)O)O)C1CCC2(C1(CCC3=C2CCC4C3(CC(C(=O)C4(C)C)OC(=O)CC(C)(CC(=O)O)O)C)C)C,FNHDSKHVYPYDAZ-QXBAYVDYSA-N,[M+NH4]+,positive
challenge_100,542.1657 ,CASMI2022_Priority_100,C27H24O11,C1C2=C(C(=C3C(=C2)C=CC=C3OC4C(C(C(C(O4)COC(=O)C=CC5=CC=C(C=C5)O)O)O)O)O)C(=O)O1,ZPUVNNIJVVEZBH-CMBBOZRESA-N,[M+NH4]+,positive
challenge_101,327.0309 ,CASMI2022_Priority_101,C14H14Cl2N2O3,CC=C1C(=O)N(C(C(=O)N1)CC2=CC(=C(C(=C2)Cl)O)Cl)C,AEFDYPFFZOCXNS-NSHDSACASA-N,[M-H]-,negative
challenge_102,401.1242 ,CASMI2022_Priority_102,C21H22O8,COC1=CC(=CC2=C1OC(C2CO)C3=CC(=C(C(=C3)OC)O)OC)C=CC(=O)O,MXADFNHTWMJYES-XOBRGWDASA-N,[M-H]-,negative
challenge_103,110.0600 ,CASMI2022_Priority_103,C6H7NO,CN1C=CC=CC1=O,DVVGIUUJYPYENY-UHFFFAOYSA-N,[M+H]+,positive
challenge_104,457.2016 ,CASMI2022_Priority_104,C22H28N6O3S,CC(C)NC1=C(N=CC=C1)N2CCN(CC2)C(=O)C3=CC4=C(N3)C=CC(=C4)NS(=O)(=O)C,WHBIGIKBNXZKFE-UHFFFAOYSA-N,[M+H]+,positive
challenge_105,484.2166 ,CASMI2022_Priority_105,C28H29N5OS,C1CCN(C1)C2CCN(CC2)C(=O)C3=CC=C(C=C3)NC4=NC=CC(=N4)C5=CC6=CC=CC=C6S5,BWZJBXAPRCVCKQ-UHFFFAOYSA-N,[M+H]+,positive
challenge_106,791.2615 ,CASMI2022_Priority_106,C33H46O19,CC1C(CC2C1C(OC=C2C(=O)OC)OC3C(C(C(C(O3)CO)O)O)O)OC(=O)C4=COC(C(C4CC=O)C=C)OC5C(C(C(C(O5)CO)O)O)O,GXXXVFMBJGIYPK-IRWFNEAJSA-N,[M+FA-H]-,negative
challenge_107,491.1406 ,CASMI2022_Priority_107,C19H26O12,C1C(C(C(O1)OCC2C(C(C(C(O2)OCC3=CC4=C(C=C3)OCO4)O)O)O)O)(CO)O,PPLHEXYBZJOGTR-DHKQUUGRSA-N,[M+FA-H]-,negative
challenge_108,485.2194 ,CASMI2022_Priority_108,C27H28N4O2,CC(C)(C=C)N1C=C(C2=CC=CC=C21)CC3C(=O)NC(C(=O)N3)CC4=CNC5=CC=CC=C54,XMXNEUOHSHGXTJ-GOTSBHOMSA-N,[M+FA-H]-,negative
challenge_109,377.1817 ,CASMI2022_Priority_109,C16H28O7,CC1(C2CC(C1(CC2OC3C(C(C(C(O3)CO)O)O)O)C)O)C,YBNGMZMKEPSDPI-LGZJULIWSA-N,[M+FA-H]-,negative
challenge_110,827.4435 ,CASMI2022_Priority_110,C41H66O14,CC1(CCC2(CCC3(C(=CCC4C3(CCC5C4(CCC(C5(C)CO)OC6C(C(C(CO6)O)O)O)C)C)C2C1)C)C(=O)OC7C(C(C(C(O7)CO)O)O)O)CO,YSFNIMJWUPAQKC-RZHLFJOWSA-N,[M+FA-H]-,negative
challenge_111,395.2329 ,CASMI2022_Priority_111,C24H30N2O3,CCC1CC2CC3(C1N(C2CC(=O)C)CCC4=C3NC5=CC=CC=C45)C(=O)OC,UMPABASQXRRHQB-YSGOIBPISA-N,[M+H]+,positive
challenge_112,333.2060 ,CASMI2022_Priority_112,C20H28O4,CC1=CC(=O)OC1CC=C(C)CCC=C(CCC=C(C)C)C(=O)O,ZNBQWPMZFPFCKS-GOSISDBHSA-N,[M+H]+,positive
challenge_113,741.3245 ,CASMI2022_Priority_113,C41H50O11,CC1C(C(OC1C2=CC(=C(C=C2)OC(C)C(C3=CC(=C(C=C3)O)OC)O)OC)C4=CC(=C(C=C4)OC(C)C(C5=CC(=C(C=C5)OC)OC)O)OC)C,CPGFYBGUXQXJMQ-KZQPWMIESA-N,[M+Na]+,positive
challenge_114,325.2349 ,CASMI2022_Priority_114,C17H34O4,CC(CC(C)O)C(CCCCCCCCCCC(=O)O)O,VUHKKYAXFCILCE-UHFFFAOYSA-N,[M+Na]+,positive
challenge_115,313.0484 ,CASMI2022_Priority_115,C14H15ClO6,CC(CC(CC1=CC2=C(C(=CC(=C2Cl)O)O)C(=O)O1)O)O,YDFWTYLPMZZSLA-UHFFFAOYSA-N,[M-H]-,negative
challenge_116,145.0760 ,CASMI2022_Priority_116,C9H8N2,C1=CC2=C(C=CN=C2)C(=C1)N,DTVYNUOOZIKEEX-UHFFFAOYSA-N,[M+H]+,positive
challenge_117,488.8968 ,CASMI2022_Priority_117,C20H10Br2O5,C1=CC=C2C(=C1)C(=O)OC23C4=C(C(=C(C=C4)O)Br)OC5=C3C=CC(=C5Br)O,ZDTNHRWWURISAA-UHFFFAOYSA-N,[M+H]+,positive
challenge_118,524.2805 ,CASMI2022_Priority_118,C29H43NO4S,CC(C)C1=C(C(=CC=C1)C(C)C)OS(=O)(=O)NC(=O)CC2=C(C=C(C=C2C(C)C)C(C)C)C(C)C,PTQXTEKSNBVPQJ-UHFFFAOYSA-N,[M+Na]+,positive
challenge_119,469.0907 ,CASMI2022_Priority_119,C21H22O10,C1C(OC2=CC(=CC(=C2C1=O)O)O)C3=CC=C(C=C3)OC4C(C(C(C(O4)CO)O)O)O,KSDSYIXRWHRPMN-UHFFFAOYSA-N,[M+Cl]-,negative
challenge_120,537.1977 ,CASMI2022_Priority_120,C25H32O10,COC1=C(C=C2C(C(C(CC2=C1)CO)COC3C(C(C(CO3)O)O)O)C4=CC(=C(C=C4)O)OC)O,TXSJJCSJHIDTDE-MZDBWQKZSA-N,[M+FA-H]-,negative
challenge_121,429.2272 ,CASMI2022_Priority_121,C25H32O6,CCC(C)C=C(C)C=CC(=O)OC1C=CC2=CC(=O)C(CC2(C1C)C)(C(=C)C(=O)O)O,OFDBBWUQAHAKDG-PREJITOJSA-N,[M+H]+,positive
challenge_122,657.3973 ,CASMI2022_Priority_122,C36H58O9,CC1CCC2(CCC3(C(=CCC4C3(CCC5C4(CCC(C5(C)C)O)C)C)C2C1(C)O)C)C(=O)OC6C(C(C(C(O6)CO)O)O)O,RRIMLWHUVCZACL-WHGXRBQASA-N,[M+Na]+,positive
challenge_123,944.5213 ,CASMI2022_Priority_123,C47H74O18,CC1C(C(C(C(O1)OC2C(C(COC2OC3CCC4(C(C3(C)C)CCC5(C4CC(C6=C7C(C8(CCC7(CCC65C)C(=O)O8)C)(C)O)O)C)C)O)OC9C(C(C(C(O9)CO)O)O)O)O)O)O,MOVNHXBNDSZSGK-JPYQVWQLSA-N,[M+NH4]+,positive
challenge_124,620.3218 ,CASMI2022_Priority_124,C36H42O8,CC1CC2(C(C1OC(=O)C3=CC=CC=C3)C=C(C(CC(=O)C(C=CC(C2OC(=O)C)C)(C)C)OC(=O)C4=CC=CC=C4)C)O,ULYZLNNPRNDNFD-ZICLEKGPSA-N,[M+NH4]+,positive
challenge_125,955.4544 ,CASMI2022_Priority_125,C47H72O20,CC1C(C(C(C(O1)OC2C(C(OC(C2O)OC3C(CC4(C(C3(C)CO)CCC5(C4CC=C6C5(CCC7(C6CC(=C)CC7)C(=O)OC8C(C(C(C(O8)CO)O)O)O)C)C)C)O)C(=O)O)O)O)O)O,CDJVLCFAYOIREA-OFCFZGJQSA-N,[M-H]-,negative
challenge_126,253.1445 ,CASMI2022_Priority_126,C14H22O4,CC(CCC=C(CCC=C(C)C)C(=O)O)C(=O)O,NLMAGFGYJVPKJJ-NSHDSACASA-N,[M-H]-,negative
challenge_127,389.0878 ,CASMI2022_Priority_127,C19H18O9,CC1=CC(=C(C(=C1C(=O)OC)OC2=C(C(=CC(=C2C)OC)C(=O)O)O)C=O)O,ONSPHUIOGAJFGD-UHFFFAOYSA-N,[M-H]-,negative
challenge_128,1195.5906 ,CASMI2022_Priority_128,C60H92O24,CC=C(C)C(=O)OC1C(OC(C(C1OC(=O)C(=CC)C)O)OC2C(C3(C(CC2(C)C)C4=CCC5C6(CCC(C(C6CCC5(C4(CC3O)C)C)(C)CO)OC7C(C(C(C(O7)C(=O)O)O)O)OC8C(C(C(C(O8)CO)O)O)O)C)CO)OC(=O)C)C,YWRZZQBSAZIBEQ-ZPKFMWSBSA-N,[M-H]-,negative
challenge_129,173.0474 ,CASMI2022_Priority_129,C6H9N2O2P,C1=CC=C(C=C1)OP(=O)(N)N,AYRRNFHDJUXLEQ-UHFFFAOYSA-N,[M+H]+,positive
challenge_130,528.3378 ,CASMI2022_Priority_130,C24H46O11,CCCCCCCCCCCCOC1C(C(C(C(O1)CO)OC2C(C(C(C(O2)CO)O)O)O)O)O,NLEBIOOXCVAHBD-QKMCSOCLSA-N,[M+NH4]+,positive
challenge_131,719.3496 ,CASMI2022_Priority_131,C33H54O14,CC(=CCCC(C)(C=C)OC1C(C(C(C(O1)CO)O)O)OC2C(C(C(C(O2)CO)O)O)O)CCC=C(C)CC(C=C(C)C(=O)OC)O,LAMRTXHVEXWMOH-PVNJHXBISA-N,[M+FA-H]-,negative
challenge_132,577.3018 ,CASMI2022_Priority_132,C30H44O8,CCCC(C(C=CC(=O)OC1CC2C(C2(C)C)C=C(C(=O)C3(CC(C(C3C=C1C)O)C)OC(=O)C)C)O)O,NBEYAEFZGDUVGW-MBKLMEFLSA-N,[M+FA-H]-,negative
challenge_133,739.2444 ,CASMI2022_Priority_133,C34H42O18,CC(CC(=O)OC)(CC(=O)OCC1C(C(C(C(O1)OC2=C(OC3=C(C2=O)C(=C(C(=C3OC)OC)OC)OC)C4=CC(=C(C=C4)OC)OC)O)O)O)O,JDYWLRRIZNBKMP-IKRGWGHGSA-N,[M+H]+,positive
challenge_134,501.1367 ,CASMI2022_Priority_134,C23H26O11,C=CC1C2CCOC(=O)C2=COC1OC3C(C(C(C(O3)CO)O)O)OC(=O)C4=CC(=CC=C4)O,RBTWPFBRVJRSRZ-XRNSGXKGSA-N,[M+Na]+,positive
challenge_135,274.2377 ,CASMI2022_Priority_135,C15H28O3,CC12CCC(CC1C(CCC2O)(C)O)C(C)(C)O,ODDNJYHUVXKJBI-UHFFFAOYSA-N,[M+NH4]+,positive
challenge_136,270.2064 ,CASMI2022_Priority_136,C15H24O3,CC12CCC(C3C1C(C(C3C2=C)O)O)C(C)(C)O,ZQCSOQVURYSVKL-DHMVUYJDSA-N,[M+NH4]+,positive
challenge_137,529.1927 ,CASMI2022_Priority_137,C24H34O13,CC1C(C(C(C(O1)OCC2C(C(C(C(O2)OC3=C(C(=C(C=C3)O)C)CC=C(C)C(=O)O)O)O)O)O)O)O,CPTNKRLUDCGSPQ-GCFZLKQZSA-N,[M-H]-,negative
challenge_138,343.1551 ,CASMI2022_Priority_138,C20H24O5,CC(CC1=CC(=C(C=C1)O)OC)C(C)CC2=CC3=C(C=C2O)OCO3,DIADZLCOROOTGN-OLZOCXBDSA-N,[M-H]-,negative
challenge_139,287.1500 ,CASMI2022_Priority_139,C14H24O6,C(CCC(=O)O)CC=CCC(C(CCCC(=O)O)O)O,JDJWBXPQIRDCOI-UHFFFAOYSA-N,[M-H]-,negative
challenge_140,98.0964 ,CASMI2022_Priority_140,C6H11N,C=CCNCC=C,DYUWTXWIYMHBQS-UHFFFAOYSA-N,[M+H]+,positive
challenge_141,212.0818 ,CASMI2022_Priority_141,C12H9N3O,C1=CC=C2C(=C1)C(=CC3=CN=CN3)C(=O)N2,VEEGZPWAAPPXRB-YHYXMXQVSA-N,[M+H]+,positive
challenge_142,955.4908 ,CASMI2022_Priority_142,C47H74O17,CC1C(C(C(C(O1)OC2C(C(COC2OC3CCC4(C(C3(C)C)CCC5(C4CC=C6C5(CCC78C6C(C(CC7)(OC8=O)C)(C)O)C)C)C)O)OC9C(C(C(C(O9)CO)O)O)O)O)O)O,DPEYAJFUJJMJNO-JOQVNCSISA-N,[M+FA-H]-,negative
challenge_143,811.4485 ,CASMI2022_Priority_143,C41H66O13,CC1(C2CCC3(C(C2(CCC1OC4C(C(C(CO4)O)O)O)C)CC=C5C3(CCC6(C5CC(CC6)(C)CO)C(=O)OC7C(C(C(C(O7)CO)O)O)O)C)C)C,JUQZBNSNCFPQEN-QEONLWONSA-N,[M+FA-H]-,negative
challenge_144,358.1144 ,CASMI2022_Priority_144,C14H19NO7,C1C(C=CC(=CC#N)C1OC2C(C(C(C(O2)CO)O)O)O)O,UTHVFIKQCUKKQW-QPQKLBPSSA-N,[M+FA-H]-,negative
challenge_145,581.1876 ,CASMI2022_Priority_145,C26H32O12,COC1=C(C=CC(=C1)CC2COC(=O)C2(CC3=CC(=C(C=C3)OC4C(C(C(C(O4)CO)O)O)O)OC)O)O,VXYKGOAXVHSLDD-ATALQWSYSA-N,[M+FA-H]-,negative
challenge_146,349.2009 ,CASMI2022_Priority_146,C20H28O5,CC=C(C)C(=O)OC1CC(C2(CC3=C(C(=O)OC3(CC2C1)O)C)C)C,BNKQCXTYXHSKGJ-XJXKWIQZSA-N,[M+H]+,positive
challenge_147,267.1591 ,CASMI2022_Priority_147,C15H22O4,CC1=C(CC2(C13CCC(C3CC2)(CO)O)C)C(=O)O,QEXBXSJDNHRVSH-MHEUCROKSA-N,[M+H]+,positive
challenge_148,353.2047 ,CASMI2022_Priority_148,C16H30N2O5,CC(C)CCCCCCC(CC(=O)NC(CC(=O)O)C(=O)N)O,KMSCXNAPFWQQKD-UHFFFAOYSA-N,[M+Na]+,positive
challenge_149,542.2596 ,CASMI2022_Priority_149,C26H36O11,COC1=C(C=CC(=C1)CC(CO)C(CC2=CC(=C(C=C2)OC3C(C(C(C(O3)CO)O)O)O)OC)CO)O,PCWPSOCJBMEHGK-BZKLREMRSA-N,[M+NH4]+,positive
challenge_150,399.2752 ,CASMI2022_Priority_150,C22H40O6,CCCCCCCCCCCC(=O)OC(C(C)C)C(C(=O)O)OC(=O)C(C)C,FLVBOVQKMCPBFE-UHFFFAOYSA-N,[M-H]-,negative
challenge_151,127.0754 ,CASMI2022_Priority_151,C7H10O2,CC1CC(C(=O)C1=O)C,MIDXCONKKJTLDX-UHFFFAOYSA-N,[M+H]+,positive
challenge_152,228.2322 ,CASMI2022_Priority_152,C14H29NO,CCCCCCCCCCCCCC(=O)N,QEALYLRSRQDCRA-UHFFFAOYSA-N,[M+H]+,positive
challenge_153,335.1743 ,CASMI2022_Priority_153,C15H28N2O4,CC(C)CCCCCCCC(=O)NC(CC(=O)O)C(=O)N,LZOJNMQMOSTOHX-LBPRGKRZSA-N,[M+Cl]-,negative
challenge_154,963.4726 ,CASMI2022_Priority_154,C47H76O18,CC1C(C(C(C(O1)OC2C(C(COC2OC3CCC4(C(C3(C)C)CCC5(C4CC=C6C5(CCC(C6C(=O)C)(CCC(C)O)C(=O)O)C)C)C)O)OC7C(C(C(C(O7)CO)O)O)O)O)O)O,OWZYYRSRGCPFKQ-HMMRWYOQSA-N,[M+Cl]-,negative
challenge_155,859.2433 ,CASMI2022_Priority_155,C38H48O20,CC1C(C(C(C(O1)OC2=C(OC3=C(C2=O)C(=CC(=C3CC=C(C)C)OC4C(C(C(C(O4)CO)O)O)O)O)C5=CC=C(C=C5)O)OC6C(C(C(C(O6)CO)O)O)O)O)O,WCUYANMOZSMFCP-CFKLRSBVSA-N,[M+Cl]-,negative
challenge_156,855.4384 ,CASMI2022_Priority_156,C42H66O15,CC1(CCC2(CCC3(C(=CCC4C3(CCC5C4(CCC(C5(C)CO)OC6C(C(C(CO6)OC7C(C(C(C(O7)CO)O)O)O)O)O)C)C)C2C1)C)C(=O)O)C(=O)OC,NMDFCFOQBAHNPV-IWIVWMRFSA-N,[M+FA-H]-,negative
challenge_157,319.2268 ,CASMI2022_Priority_157,C20H30O3,CC1CCC2(C(C1(C)CCC(=CC(=O)O)C)CC(=C2C)C=O)C,JIKPDGHCTOSDJA-UHFFFAOYSA-N,[M+H]+,positive
challenge_158,485.2170 ,CASMI2022_Priority_158,C27H32O8,CCCCCC1=CC2=CC(=CC(=C2C(=O)O1)OC3=C(C(=C(C=C3O)OC)C(=O)O)CCCCC)O,WAVKNSMRCWYDDL-UHFFFAOYSA-N,[M+H]+,positive
challenge_159,603.2048 ,CASMI2022_Priority_159,C28H36O13,CC(=O)OCC1C(COC1C2=CC(=C(C=C2)O)OC)C(C3=CC(=C(C=C3)OC4C(C(C(C(O4)CO)O)O)O)OC)O,AKEQVUOZQNGJQC-UHFFFAOYSA-N,[M+Na]+,positive
challenge_160,424.1966 ,CASMI2022_Priority_160,C21H26O8,CC1COC2(C1(C(=O)C3=C(C2=O)C45CCCC(C4C(C3OC)OC5=O)(C)C)O)O,RQYZKRVLMHQSMS-UHFFFAOYSA-N,[M+NH4]+,positive
challenge_161,329.0878 ,CASMI2022_Priority_161,C14H18O9,COC(=O)C1=C(C(=CC=C1)OC2C(C(C(C(O2)CO)O)O)O)O,VSTYNZNDJYVPKL-CTYVSURLSA-N,[M-H]-,negative
challenge_162,215.9655 ,CASMI2022_Priority_162,C7H6BrNO2,COC(=O)C1=NC(=CC=C1)Br,SGNCOKUHMXLGAH-UHFFFAOYSA-N,[M+H]+,positive
challenge_163,268.0704 ,CASMI2022_Priority_163,C9H12FN3O4,C1=CN(C(=O)N=C1N)C2C(C(C(O2)CO)O)F,NVZFZMCNALTPBY-XVFCMESISA-N,[M+Na]+,positive
challenge_164,664.6910 ,CASMI2022_Priority_164,C19H10Br4O5S,C1=CC=C2C(=C1)C(OS2(=O)=O)(C3=CC(=C(C(=C3)Br)O)Br)C4=CC(=C(C(=C4)Br)O)Br,UDSAIICHUKSCKT-UHFFFAOYSA-N,[M-H]-,negative
challenge_165,1307.6277 ,CASMI2022_Priority_165,C61H98O27,CC1C(C(C(C(O1)OC2C(OC(C(C2O)O)OCC3C(C(C(C(O3)OC(=O)C45CCC(CC4C6=CCC7C8(CCC(C(C8CCC7(C6(CC5)C)C)(C)C)OC9C(C(C(CO9)O)O)OC1C(C(C(C(O1)C)O)O)O)C)(C)CO)O)O)O)COC(=O)C)O)O)O,NNIRVDLUHWUBSX-NBIDALDTSA-N,[M+FA-H]-,negative
challenge_166,377.1970 ,CASMI2022_Priority_166,C20H28O4,CC1CCC2(C(C1(C)CCC3=CC(=O)OC3O)CC(=C2C)C=O)C,NZIQEPLIKSMSRT-UHFFFAOYSA-N,[M+FA-H]-,negative
challenge_167,1103.5644 ,CASMI2022_Priority_167,C53H86O21,CC1C(C(C(C(O1)OC2C(C(COC2OC3CCC4(C(C3(C)C)CCC5(C4CC=C6C5(CCC7(C6CC(CC7)(C)C)C(=O)OC8C(C(C(C(O8)CO)O)O)O)C)C)C)O)OC9C(C(C(C(O9)CO)O)O)O)O)O)O,ULSOTXJNUTYKRK-NLUBGPCESA-N,[M+FA-H]-,negative
challenge_168,705.2389 ,CASMI2022_Priority_168,C34H40O16,CC1C(C(C(C(O1)OC2=C(OC3=C(C2=O)C(=CC(=C3CC=C(C)C)OC4C(C(C(C(O4)CO)O)O)O)O)C5=CC=C(C=C5)O)O)O)OC(=O)C,ABAIOHPURNHXKB-JWFSFCLHSA-N,[M+H]+,positive
challenge_169,249.1485 ,CASMI2022_Priority_169,C15H20O3,CC1(C2C1C=C(CCC(=O)C(=C)CC2)C(=O)O)C,JSWXKFCFVRCREF-NEPJUHHUSA-N,[M+H]+,positive
challenge_170,561.1215 ,CASMI2022_Priority_170,C24H26O14,COC1=C(C=CC(=C1)C2=C(C(=O)C3=C(C(=C(C(=C3O2)OC)O)OC)O)OC4C(C(C(C(O4)CO)O)O)O)O,PRBUAZIWXABBBW-AFNDXPGZSA-N,[M+Na]+,positive
challenge_171,424.1731 ,CASMI2022_Priority_171,C22H27NO6,CCC(C)C1C(=O)C(C(=O)N1)(C2=CC3=C(C(C2=O)(C)CC)OC(=C(C3=O)C)C)O,VBTZAIPQSNXYCM-BXAUHREASA-N,[M+Na]+,positive
challenge_172,1094.5953 ,CASMI2022_Priority_172,C49H88O25,CCCCCC(CC(CC(=O)OC(CCCCC)CC(CC(=O)OC(CCCCC)CC(CC(=O)OC)OC1C(C(C(C(O1)CO)O)O)O)OC2C(C(C(C(O2)CO)O)O)O)O)OC3C(C(C(C(O3)CO)O)O)O,IESDYJUGZCFEQG-UHFFFAOYSA-N,[M+NH4]+,positive
challenge_173,371.1711 ,CASMI2022_Priority_173,C18H28O8,CCC=CCC1(CCC=CC1C(=O)O)OC2C(C(C(C(O2)CO)O)O)O,OQWLWGHVEYZMLN-GHLGXFJJSA-N,[M-H]-,negative
challenge_174,1103.5280 ,CASMI2022_Priority_174,C53H84O24,CC1(C2CCC3(C(C2(CCC1OC4C(C(C(CO4)OC5C(C(C(C(O5)CO)O)O)O)O)OC6C(C(C(C(O6)CO)O)O)O)C)CC=C7C3(CCC8(C7CC(CC8)(C)C(=O)O)C(=O)OC9C(C(C(C(O9)CO)O)O)O)C)C)C,VQMRBUNQTLAATK-JOUDUNFKSA-N,[M-H]-,negative
challenge_175,792.6584 ,CASMI2022_Priority_175,C14H8I4O4,C1=C(C=C(C(=C1I)OC2=CC(=C(C(=C2)I)O)I)I)CC(=O)O,PPJYSSNKSXAVDB-UHFFFAOYSA-N,[M+FA-H]-,negative
challenge_176,114.1277 ,CASMI2022_Priority_176,C7H15N,C1CCC(CC1)CN,AVKNGPAMCBSNSO-UHFFFAOYSA-N,[M+H]+,positive
challenge_177,282.1700 ,CASMI2022_Priority_177,C15H23NO4,C1=CC(=O)N(C1=O)CCCCCCCCCCC(=O)O,UVZTZBRGZXIBLZ-UHFFFAOYSA-N,[M+H]+,positive
challenge_178,411.1063 ,CASMI2022_Priority_178,C16H24O10,CC1(C2CCC(C1C(=O)OC)O2)C(=O)OC3C(C(C(C(O3)CO)O)O)O,FVAIJXKCYZKCGF-FFBHLRJYSA-N,[M+Cl]-,negative
challenge_179,385.1351 ,CASMI2022_Priority_179,C13H24O10,CCOC1C(C(C(CO1)O)O)OC2C(C(C(C(O2)CO)O)O)O,CMXKPYSXVVBBDY-KUBZZJBSSA-N,[M+FA-H]-,negative
challenge_180,449.1453 ,CASMI2022_Priority_180,C21H24O8,COC1=C(C=CC(=C1)C=CC(=O)OC)OC2=C(C=C(C=C2)C(C(CO)O)O)OC,IVDMSWPOHFCIHO-YCRPNKLZSA-N,[M+FA-H]-,negative
challenge_181,407.1348 ,CASMI2022_Priority_181,C19H22O7,COC1=C(C=CC(=C1)C(C2COC(C2CO)C3=CC(=C(C=C3)O)O)O)O,PMALFGMVFUCPMK-UHFFFAOYSA-N,[M+FA-H]-,negative
challenge_182,331.1904 ,CASMI2022_Priority_182,C20H26O4,CC(C)C1=C(C=C2C(=C1)C(=O)CC3C2(CCCC3(C)C)C(=O)O)O,XYZWRQXZTNPKPD-OZBJMMHXSA-N,[M+H]+,positive
challenge_183,169.1223 ,CASMI2022_Priority_183,C10H16O2,CC1=CC(C(CC1=O)C(C)C)O,ZFUJCNJIGDBFEP-UHFFFAOYSA-N,[M+H]+,positive
challenge_184,513.2360 ,CASMI2022_Priority_184,C29H34N2O5,CC1CC=CC2C(C(=C(C3C2(C(=O)C4C(O4)C(C1)O)C(=O)NC3CC5=CNC6=CC=CC=C65)C)C)O,DAOMSLPFWWIXQB-UHFFFAOYSA-N,[M+Na]+,positive
challenge_185,279.1931 ,CASMI2022_Priority_185,C15H28O3,CC12CCC(CC1C(CCC2O)(C)O)C(C)(C)O,ODDNJYHUVXKJBI-MIBAYGRRSA-N,[M+Na]+,positive
challenge_186,654.4576 ,CASMI2022_Priority_186,C36H60O9,CC(CCC(C(C)(C)O)O)C1CCC2(C1(C(CC3=C2CCC4C3(CC(C(C4(C)C)OC(=O)CC(C)(CC(=O)O)O)O)C)O)C)C,VWKSQQHPNMUNOC-UHFFFAOYSA-N,[M+NH4]+,positive
challenge_187,167.0350 ,CASMI2022_Priority_187,C8H8O4,C1CC(=C(C=C1)C(=O)O)C(=O)O,GOWHHUDNXNDUAS-UHFFFAOYSA-N,[M-H]-,negative
challenge_188,144.1383 ,CASMI2022_Priority_188,C8H17NO,CCC(C)C(CC)C(=O)N,QRCJOCOSPZMDJY-UHFFFAOYSA-N,[M+H]+,positive
challenge_189,287.0485 ,CASMI2022_Priority_189,C14H10N2O3S,COC(=O)C1=CSC(=N1)C(=O)C2=CNC3=CC=CC=C32,KDDXOGDIPZSCTM-UHFFFAOYSA-N,[M+H]+,positive
challenge_190,409.0987 ,CASMI2022_Priority_190,C17H19FN4O5S,CN1C(=O)C(=C(N=C1N2CCCCS2(=O)=O)C(=O)NCC3=CC=C(C=C3)F)O,VNIWZCGZPBJWBI-UHFFFAOYSA-N,[M-H]-,negative
challenge_191,665.3906 ,CASMI2022_Priority_191,C35H56O9,CC1(CCC2(CCC3(C(=CCC4C3(CCC5C4(CCC(C5(C)CO)OC6C(C(C(CO6)O)O)O)C)C)C2C1)C)C(=O)O)CO,UKDGPTZSBZPKIO-DEOHUDLUSA-N,[M+FA-H]-,negative
challenge_192,305.2475 ,CASMI2022_Priority_192,C20H32O2,CC(=CCCC(=CCCC1=CCC(OC1)C(=CCO)C)C)C,SAYWUPNITYCHPG-OTOUPVKASA-N,[M+H]+,positive
challenge_193,399.2377 ,CASMI2022_Priority_193,C21H34O7,CC1=C2CC(CCC2(CCC1=O)C)C(C)(C)OC3C(C(C(C(O3)CO)O)O)O,XHAUOHBDNZKIEL-OUEXDMKTSA-N,[M+H]+,positive
challenge_194,522.3789 ,CASMI2022_Priority_194,C30H48O6,CC1CCC2C(C1(CCC3C(=C)CCC4C3(CCC(=O)C(O4)(C)C)C)O)(CC(C(=O)C(O2)(C)C)O)C,PXKWYQCTBMFQDW-UHFFFAOYSA-N,[M+NH4]+,positive
challenge_195,550.2647 ,CASMI2022_Priority_195,C28H36O10,CC1CC2(C=C(C(=O)O2)C)OC34C1CC5C3(O5)C6C(CC7C(OC8C7(CC6(CC4O)O)OC(=O)C8)(C)C)O,SVLAIBOYFCQLIY-PGNWUXKFSA-N,[M+NH4]+,positive
challenge_196,373.0929 ,CASMI2022_Priority_196,C19H18O8,CC1=CC(=C(C2=C1C(=O)OC3=C(O2)C(=C(C(=C3)C(=O)O)C)OC)COC)O,FEPPYNQWWRLZNW-UHFFFAOYSA-N,[M-H]-,negative
challenge_197,229.1445 ,CASMI2022_Priority_197,C12H22O4,C(CCCC(C=CCO)O)CCCC(=O)O,FLXFNIBELQCRPA-NSHDSACASA-N,[M-H]-,negative
challenge_198,373.1657 ,CASMI2022_Priority_198,C21H26O6,CC1=C2COC(=O)C2=C(C(=C1O)CC=C(C)CCC=C(C)CCC(=O)O)O,LFMVGCLSSWANEO-UHFFFAOYSA-N,[M-H]-,negative
challenge_199,483.2038 ,CASMI2022_Priority_199,C28H28N4O4,CC1C(=O)N2C3C(CC2(C4=NC5=CC=CC=C5C(=O)N14)O)(C6=CC=CC=C6N3C(=O)C)C(C)(C)C=C,UTVHCNQHDCRVMF-GTYYOKPTSA-N,[M-H]-,negative
challenge_200,103.0866 ,CASMI2022_Priority_200,C4H10N2O,CCCNC(=O)N,ZQZJKHIIQFPZCS-UHFFFAOYSA-N,[M+H]+,positive
challenge_201,1550.7206 ,CASMI2022_Priority_201,C35H44I6N6O15,CC(=O)N(CC(CN(C1=C(C(=C(C(=C1I)C(=O)NCC(CO)O)I)C(=O)NCC(CO)O)I)C(=O)C)O)C2=C(C(=C(C(=C2I)C(=O)NCC(CO)O)I)C(=O)NCC(CO)O)I,NBQNWMBBSKPBAY-UHFFFAOYSA-N,[M+H]+,positive
challenge_202,503.1389 ,CASMI2022_Priority_202,C18H34ClN2O8PS,CCCC1CC(N(C1)C)C(=O)NC(C2C(C(C(C(O2)SC)OP(=O)(O)O)O)O)C(C)Cl,UFUVLHLTWXBHGZ-UHFFFAOYSA-N,[M-H]-,negative
challenge_203,441.1322 ,CASMI2022_Priority_203,C21H26O8,CC1COC(=O)C1(C2C3=C(C(=O)O2)C45CCCC(C4C(C3OC)OC5=O)(C)C)O,CLMACWUIFILBBM-UHFFFAOYSA-N,[M+Cl]-,negative
challenge_204,515.1478 ,CASMI2022_Priority_204,C27H28O8,COC1=C(C=CC(=C1)CC2COC(C2COC(=O)C3=CC=C(C=C3)O)C4=CC(=C(C=C4)O)OC)O,GFXHOKACHHWSQG-HEKZAOSPSA-N,[M+Cl]-,negative
challenge_205,373.1140 ,CASMI2022_Priority_205,C15H20O8,COC(=O)C(C1=CC=CC=C1)OC2C(C(C(C(O2)CO)O)O)O,KQLFQMPSIZRACE-OXEYGOSQSA-N,[M+FA-H]-,negative
challenge_206,1275.6015 ,CASMI2022_Priority_206,C60H94O26,CC1C(C(C(C(O1)OC2C(OC(C(C2O)O)OCC3C(C(C(C(O3)OC(=O)C45CCC(=C)CC4C6=CCC7C8(CCC(C(C8CCC7(C6(CC5)C)C)(C)C)OC9C(C(C(CO9)O)O)OC1C(C(C(C(O1)C)O)O)O)C)O)O)O)COC(=O)C)O)O)O,NPCYPPUNOYDHKT-FTGSXAGXSA-N,[M+FA-H]-,negative
challenge_207,330.2064 ,CASMI2022_Priority_207,C20H27NO3,CC1=CC(=O)NC1=CC=C(C)CCC=C(CCC=C(C)C)C(=O)O,IGSZOCSRLTUKLJ-UHFFFAOYSA-N,[M+H]+,positive
challenge_208,303.1227 ,CASMI2022_Priority_208,C17H18O5,CC1=CC(=O)C(C2(C1CC3=C(C(=O)OC3=C2)C)C)OC(=O)C,LWZCXTWCFCVAPB-NUTKFTJISA-N,[M+H]+,positive
challenge_209,695.4341 ,CASMI2022_Priority_209,C36H64O11,CC(=CCCC=C(C)CCC1C(CCC(O1)C(C)(C)OC2C(C(C(C(O2)CO)O)O)O)(C)O)CCC3C(CCC(O3)C(C)(C)O)(C)O,DPYJSGIGESZKHU-DUIWHAMXSA-N,[M+Na]+,positive
challenge_210,554.2748 ,CASMI2022_Priority_210,C31H36O8,CC1C(C(OC1C2=CC3=C(C=C2)OCO3)C4=CC(=C(C=C4)OC(C)C(C5=CC(=C(C=C5)OC)OC)O)OC)C,BYTPMMJRDFCGKX-RYXVVOBLSA-N,[M+NH4]+,positive
challenge_211,809.4329 ,CASMI2022_Priority_211,C42H66O15,CC1CCC2(CCC3(C(=CCC4C3(CCC5C4(CCC(C5(C)C)OC6C(C(C(C(O6)C(=O)O)O)O)O)C)C)C2C1(C)O)C)C(=O)OC7C(C(C(C(O7)CO)O)O)O,HCFFYRGPTPKLPK-HHNOJRCQSA-N,[M-H]-,negative
challenge_212,140.1070 ,CASMI2022_Priority_212,C8H13NO,C1CC1N2CCC(=O)CC2,DTUJRJIWGWTNFQ-UHFFFAOYSA-N,[M+H]+,positive
challenge_213,764.8774 ,CASMI2022_Priority_213,C16H20I3N3O7,CC(=O)NC1=C(C(=C(C(=C1I)C(=O)NCC(CO)O)I)C(=O)NCC(CO)O)I,BHCBLTRDEYPMFZ-UHFFFAOYSA-N,[M+NH4]+,positive
challenge_214,541.1632 ,CASMI2022_Priority_214,C33H25F3O4,C1C(CC2=CC=CC=C2C1C3=C(C4=CC=CC=C4OC3=O)O)C5=CC=C(C=C5)OCC6=CC=C(C=C6)C(F)(F)F,KKBGNYHHEIAGOH-UHFFFAOYSA-N,[M-H]-,negative
challenge_215,902.5119 ,CASMI2022_Priority_215,C44H75NO15,CC(=O)NC1C(C(C(OC1OC(C)(C)C2CCC(O2)(C)C(CCC(=C)C3CCC4C3(CCC5C4(CCC(O5)C(C)(C)OC6C(C(C(C(O6)CO)O)O)O)C)C)O)CO)O)O,LRHHFHPQWVDGIQ-JTHVBYAHSA-N,[M+FA-H]-,negative
challenge_216,493.2290 ,CASMI2022_Priority_216,C21H36O10,CC1(C2CCC1(C(C2)OC3C(C(C(C(O3)COC4C(C(CO4)(CO)O)O)O)O)O)C)C,RVQFSOHDFFWTLD-CNWHQPCMSA-N,[M+FA-H]-,negative
challenge_217,405.1402 ,CASMI2022_Priority_217,C16H24O9,COC1=C(C=CC(=C1)OC2C(C(C(C(O2)CO)O)O)O)CC(CO)O,VXXKDWBEVHGANN-XJWQLZQYSA-N,[M+FA-H]-,negative
challenge_218,229.1434 ,CASMI2022_Priority_218,C12H20O4,CCCCCCC=C(C(C)C(=O)O)C(=O)O,GFMGGFIBSURRGW-VIFPVBQESA-N,[M+H]+,positive
challenge_219,319.2268 ,CASMI2022_Priority_219,C20H30O3,CC1(C2CCC34CC(CCC3C2(C=CC1=O)C)C(C4)(CO)O)C,JZXWITIZXDCGSC-UHFFFAOYSA-N,[M+H]+,positive
challenge_220,355.1880 ,CASMI2022_Priority_220,C20H28O4,CC1=CC(C(=CC(C)CCC=C(CCC=C(C)C)C(=O)O)C1=O)O,QQQHFUHGZMFSOB-UHFFFAOYSA-N,[M+Na]+,positive
challenge_221,359.2193 ,CASMI2022_Priority_221,C20H32O4,CC12CCC(=O)C(C1CCC34C2CC(CC3)C(C4)(CO)O)(C)CO,SYLBWUCYLWBMER-BHJGDWCPSA-N,[M+Na]+,positive
challenge_222,199.0976 ,CASMI2022_Priority_222,C10H16O4,CCCC1C(C(CO1)O)C=CC(=O)O,NQNFBFWPHHJVSM-UHFFFAOYSA-N,[M-H]-,negative
challenge_223,889.1469 ,CASMI2022_Priority_223,C42H34O22,C1C2C(C(C(C(O2)OC3=CC(=C(C(=C3)O)C(=O)CCC4=CC=C(C=C4)O)O)O)OC(=O)C5=CC(=C(C(=C5)O)O)O)OC(=O)C6=CC(=C(C(=C6C7=C(C(=C(C=C7C(=O)O1)O)O)O)O)O)O,PLESAOGBVATPML-LMAPNQLBSA-N,[M-H]-,negative
challenge_224,475.1473 ,CASMI2022_Priority_224,C24H26ClFN4O,C1CN(CCC1C2=CN(C3=C2C=C(C=C3)Cl)C4=CC=C(C=C4)F)CCN5CCNC5=O,GZKLJWGUPQBVJQ-UHFFFAOYSA-N,[M+Cl]-,negative
challenge_225,148.0757 ,CASMI2022_Priority_225,C9H9NO,COC1=CC2=C(C=C1)NC=C2,DWAQDRSOVMLGRQ-UHFFFAOYSA-N,[M+H]+,positive
challenge_226,489.1243 ,CASMI2022_Priority_226,C27H22Cl2N4O,CN1C=NC=C1C(C2=CC=C(C=C2)Cl)(C3=CC4=C(C=C3)N(C(=O)C=C4C5=CC(=CC=C5)Cl)C)N,PLHJCIYEEKOWNM-UHFFFAOYSA-N,[M+H]+,positive
challenge_227,251.1642 ,CASMI2022_Priority_227,C15H22O3,CC1CC=C2C(=C1C=O)OC(C2(C)C)C(C)CO,BUOMUXLXLTWQRD-UHFFFAOYSA-N,[M+H]+,positive
challenge_228,337.2737 ,CASMI2022_Priority_228,C21H36O3,CCC(C)C1C(=CC2CC(CC(C2C1(C)C(=O)CCO)C)C)CO,VOCMJEUNEDTYIN-JKMCDVCNSA-N,[M+H]+,positive
challenge_229,371.1829 ,CASMI2022_Priority_229,C20H28O5,CC1=C(OC=C1)C(C(C2(CCC=C(C(=O)O2)CCC=C(C)C)C)O)O,HETFHSADNIQCEJ-UHFFFAOYSA-N,[M+Na]+,positive
challenge_230,551.2827 ,CASMI2022_Priority_230,C27H44O10,CC(=CCCC(=CCCC(C)(C=C)OC1C(C(C(C(O1)CO)O)O)O)CO)CC(C=C(C)C(=O)OC)O,ZVUKZMWLRYNENB-KPPISPLZSA-N,[M+Na]+,positive
challenge_231,329.1031 ,CASMI2022_Priority_231,C18H18O6,COC1=C(C=CC(=C1)C=CC(=O)OCC(C2=CC=C(C=C2)O)O)O,CLQSQZGNPFWGAE-INIZCTEOSA-N,[M-H]-,negative
challenge_232,265.1445 ,CASMI2022_Priority_232,C15H22O4,CC1=C(CC2(C13CCC(C3C(C2)O)(C)O)C)C(=O)O,JVWMEYMYQAAGMM-VDEZILSRSA-N,[M-H]-,negative
challenge_233,371.1136 ,CASMI2022_Priority_233,C20H20O7,CC1CC2(C3C(C1C)C4=CC5=C(C=C4OC36C(=CC2=O)OCO6)OCO5)O,LRDZBWWOVQELFI-UHFFFAOYSA-N,[M-H]-,negative
challenge_234,495.1144 ,CASMI2022_Priority_234,C22H24O13,COC1=C(C=CC(=C1)C(=O)OC2=CC(=CC(=C2CC(=O)O)O)OC3C(C(C(C(O3)CO)O)O)O)O,QCKMSYZHBPNLCB-ZFVOUSBOSA-N,[M-H]-,negative
challenge_235,1129.5436 ,CASMI2022_Priority_235,C55H86O24,CC1C(C(C(C(O1)OC2C(C(COC2OC3CCC4(C(C3(C)C)CCC5(C4CC=C6C5(CCC7(C6CC(CC7)(C)C(=O)O)C(=O)OC8C(C(C(C(O8)COC9C(C(C(C(O9)COC(=O)C)O)O)O)O)O)O)C)C)C)O)O)O)O)O,YYJQHCMKQJHGGA-VBJBMQEVSA-N,[M-H]-,negative
challenge_236,278.1176 ,CASMI2022_Priority_236,C18H15NO2,CC1=CC=CC=C1NC(=O)C2=CC3=CC=CC=C3C=C2O,FBLAHUMENIHUGG-UHFFFAOYSA-N,[M+H]+,positive
challenge_237,531.4408 ,CASMI2022_Priority_237,C34H58O4,CCCCCCCCCCCCCOC(=O)C1=CC=CC=C1C(=O)OCCCCCCCCCCCCC,YCZJVRCZIPDYHH-UHFFFAOYSA-N,[M+H]+,positive
challenge_238,500.9259 ,CASMI2022_Priority_238,C8F18O2S,C(C(C(C(C(F)(F)S(=O)(=O)F)(F)F)(F)F)(F)F)(C(C(C(F)(F)F)(F)F)(F)F)(F)F,BHFJBHMTEDLICO-UHFFFAOYSA-N,[M-H]-,negative
challenge_239,374.1376 ,CASMI2022_Priority_239,C17H25NO6,CCC(C(C)O)(C(=O)OCC1=CC=C(C=C1)NCCCC(=O)O)O,JGCPVCKZVBKIHO-UHFFFAOYSA-N,[M+Cl]-,negative
challenge_240,457.0907 ,CASMI2022_Priority_240,C20H22O10,C1=CC(=CC=C1COC(=O)C2=CC(=C(C=C2)O)O)OC3C(C(C(C(O3)CO)O)O)O,LRFIKYDSTHZRKW-STEXWYFWSA-N,[M+Cl]-,negative
challenge_241,671.0657 ,CASMI2022_Priority_241,C27H24O18,C1=C(C=C(C(=C1O)O)O)C(=O)OCC2C(C(C(C(O2)OC(=O)C3=CC(=C(C(=C3)O)O)O)O)O)OC(=O)C4=CC(=C(C(=C4)O)O)O,SUAXOYITDJNGFM-AJHJKSEASA-N,[M+Cl]-,negative
challenge_242,589.3007 ,CASMI2022_Priority_242,C32H44O10,CC1C(C(C(C(O1)OC2CCC3(C4CC(C5(C(CCC5(C4CCC3=C2)O)C6=COC(=O)C=C6)C)OC(=O)C)C)O)O)O,XBOVCSNIOQPGAW-UBNYYTIRSA-N,[M+H]+,positive
challenge_243,421.2585 ,CASMI2022_Priority_243,C24H36O6,CC(=O)OCC1(C2CCC34CC(CCC3C2(CCC1=O)C)C(C4)(COC(=O)C)O)C,YXNJBOPJNBXMGA-HUDUBEJRSA-N,[M+H]+,positive
challenge_244,553.2619 ,CASMI2022_Priority_244,C26H42O11,CC1(CCC2C(C1O)OC(=O)CC3C2(CCCC3(C)C(=O)O)C)CCOC4C(C(C(C(O4)CO)O)O)O,LZIOIGRHSJIZED-UHFFFAOYSA-N,[M+Na]+,positive
challenge_245,424.1602 ,CASMI2022_Priority_245,C20H22O9,C1=CC(=CC=C1COC(=O)C2=CC=C(C=C2)O)OC3C(C(C(C(O3)CO)O)O)O,VKSWFQCTDQBTII-STEXWYFWSA-N,[M+NH4]+,positive
challenge_246,375.0722 ,CASMI2022_Priority_246,C18H16O9,CC1=CC(=C(C(=C1C(=O)O)OC2=C(C(=CC(=C2C)OC)C(=O)O)O)C=O)O,WBPAMTGAAPNFPT-UHFFFAOYSA-N,[M-H]-,negative
challenge_247,453.2397 ,CASMI2022_Priority_247,C27H28N6O,CCOC1=CC=C(C=C1)C2=NC3=C(N2)C=C(C=C3)C4=NC5=C(N4)C=C(C=C5)N6CCN(CC6)C,PRDFBSVERLRRMY-UHFFFAOYSA-N,[M+H]+,positive
challenge_248,625.8278 ,CASMI2022_Priority_248,C19H11Cl2I2NO3,C1=CC(=CC=C1OC2=C(C=C(C=C2)NC(=O)C3=C(C(=CC(=C3)I)I)O)Cl)Cl,NEMNPWINWMHUMR-UHFFFAOYSA-N,[M+H]+,positive
challenge_249,175.0401 ,CASMI2022_Priority_249,C10H8O3,CC1=C(OC2=CC=CC=C12)C(=O)O,YMZTUCZCQMQFMK-UHFFFAOYSA-N,[M-H]-,negative
challenge_250,222.0230 ,CASMI2016_Challenge-001,C10H9NO3S,NC1=C2C=CC(=CC2=CC=C1)S(O)(=O)=O,UWPJYQYRSWYIGZ-UHFFFAOYSA-N,[M-H]-,negative
challenge_251,286.9690 ,CASMI2016_Challenge-002,C10H8O6S2,OS(=O)(=O)c1ccc2ccc(cc2c1)S(O)(=O)=O,VILFVXYKHXVYAB-UHFFFAOYSA-N,[M-H]-,negative
challenge_252,223.0071 ,CASMI2016_Challenge-003,C10H8O4S,OC1=CC=CC2=C(C=CC=C12)S(O)(=O)=O,YLKCHWCYYNKADS-UHFFFAOYSA-N,[M-H]-,negative
challenge_253,189.9468 ,CASMI2016_Challenge-004,C6H3Cl2NO2,OC(=O)c1nc(Cl)ccc1Cl,HUBANNPOLNYSAD-UHFFFAOYSA-N,[M-H]-,negative
challenge_254,276.0309 ,CASMI2016_Challenge-005,C9H7N7O2S,CN1C=NC(=C1SC1=C2NC=NC2=NC=N1)[N+]([O-])=O,LMEKQMALGUDUQG-UHFFFAOYSA-N,[M-H]-,negative
challenge_255,194.0459 ,CASMI2016_Challenge-006,C9H9NO4,CC(=O)NC1=CC=C(O)C(=C1)C(O)=O,GEFDRROBUCULOD-UHFFFAOYSA-N,[M-H]-,negative
challenge_256,216.0700 ,CASMI2016_Challenge-007,C9H15NO3S,C[C@H](CS)C(=O)N1CCC[C@H]1C(O)=O,FAKRSMQSSFJEIM-RQJHMYQMSA-N,[M-H]-,negative
challenge_257,351.0722 ,CASMI2016_Challenge-008,C16H16O9,CC1=CC(=O)OC2=CC(O[C@@H]3O[C@@H]([C@H](O)[C@H](O)[C@H]3O)C(O)=O)=CC=C12,ARQXEQLMMNGFDU-SQCNAZHOSA-N,[M-H]-,negative
challenge_258,248.0014 ,CASMI2016_Challenge-009,C6H8ClN5O2S,CN=C(NCC1=CN=C(Cl)S1)N[N+]([O-])=O,PGOOBECODWQEAB-UHFFFAOYSA-N,[M-H]-,negative
challenge_259,213.9638 ,CASMI2016_Challenge-010,C7H5NO3S2,OS(=O)(=O)C1=NC2=CC=CC=C2S1,ZCXGMSGCBDSEOY-UHFFFAOYSA-N,[M-H]-,negative
challenge_260,305.0968 ,CASMI2016_Challenge-011,C13H12F2N6O,OC(Cn1cncn1)(Cn1cncn1)c1ccc(F)cc1F,RFHAOTPXVQNOHP-UHFFFAOYSA-N,[M-H]-,negative
challenge_261,327.1714 ,CASMI2016_Challenge-012,C19H24N2O3,CC(CCC1=CC=CC=C1)NCC(O)C1=CC(C(N)=O)=C(O)C=C1,SGUAFYQXFOLMHL-UHFFFAOYSA-N,[M-H]-,negative
challenge_262,469.1590 ,CASMI2016_Challenge-013,C20H22N8O6,CN(CC1=Nc2c(N)nc(N)nc2NC1=O)c1ccc(cc1)C(=O)NC(CCC(O)=O)C(O)=O,HODZDDDNGRLGSI-UHFFFAOYSA-N,[M-H]-,negative
challenge_263,195.0463 ,CASMI2016_Challenge-014,C10H9FO3,OC(=O)CCC(=O)C1=CC=C(F)C=C1,WUYWHIAAQYQKPP-UHFFFAOYSA-N,[M-H]-,negative
challenge_264,294.0554 ,CASMI2016_Challenge-015,C12H13N3O4S,CC(=O)NC1=CC=C(C=C1)S(=O)(=O)NC1=NOC(C)=C1,GXPIUNZCALHVBA-UHFFFAOYSA-N,[M-H]-,negative
challenge_265,424.1546 ,CASMI2016_Challenge-016,C22H24ClN5O2,ClC1=CC2=C(C=C1)N(C1CCN(CCCN3C(=O)NC4=C3C=CC=C4)CC1)C(=O)N2,FGXWKSZFVQUSTL-UHFFFAOYSA-N,[M-H]-,negative
challenge_266,309.0663 ,CASMI2016_Challenge-017,C12H14N4O4S,COC1=CC(NS(=O)(=O)C2=CC=C(N)C=C2)=NC(OC)=N1,ZZORFUFYDOWNEF-UHFFFAOYSA-N,[M-H]-,negative
challenge_267,254.9969 ,CASMI2016_Challenge-018,C10H8O6S,CC1=CC(=O)OC2=CC(OS(O)(=O)=O)=CC=C12,FUYLLJCBCKRIAL-UHFFFAOYSA-N,[M-H]-,negative
challenge_268,344.1074 ,CASMI2016_Challenge-019,C17H19N3O3S,COC1=CC=C2N=C(NC2=C1)S(=O)CC1=NC=C(C)C(OC)=C1C,SUBDBMMJDZJVOS-UHFFFAOYSA-N,[M-H]-,negative
challenge_269,193.0506 ,CASMI2016_Challenge-020,C10H10O4,CCOC(=O)C1=CC=CC=C1C(O)=O,YWWHKOHZGJFMIE-UHFFFAOYSA-N,[M-H]-,negative
challenge_270,375.1925 ,CASMI2016_Challenge-021,C20H28N2O5,CCOC(=O)[C@H](CCc1ccccc1)N[C@@H](C)C(=O)N1CCC[C@H]1C(O)=O,GBXSMTUPTTWBMN-XIRDDKMYSA-N,[M-H]-,negative
challenge_271,170.9451 ,CASMI2016_Challenge-022,C6H5BrO,Oc1ccc(Br)cc1,GZFGOTFRPZRKDS-UHFFFAOYSA-N,[M-H]-,negative
challenge_272,251.0826 ,CASMI2016_Challenge-023,C15H12N2O2,NC(=O)N1c2ccccc2CC(=O)c2ccccc12,CTRLABGOLIVAIY-UHFFFAOYSA-N,[M-H]-,negative
challenge_273,487.2133 ,CASMI2016_Challenge-024,C23H32N6O4S,CCCC1=NC(C)=C2N1NC(=NC2=O)C1=CC(=CC=C1OCC)S(=O)(=O)N1CCN(CC)CC1,SECKRCOLJRRGGV-UHFFFAOYSA-N,[M-H]-,negative
challenge_274,472.1588 ,CASMI2016_Challenge-025,C28H27NO4S,Oc1ccc(cc1)-c1sc2cc(O)ccc2c1C(=O)c1ccc(OCCN2CCCCC2)cc1,GZUITABIAKMVPG-UHFFFAOYSA-N,[M-H]-,negative
challenge_275,211.9716 ,CASMI2016_Challenge-026,C8H8BrNO,CC(=O)NC1=CC=C(Br)C=C1,MSLICLMCQYQNPK-UHFFFAOYSA-N,[M-H]-,negative
challenge_276,245.0455 ,CASMI2016_Challenge-027,C13H10O5,OC1=CC(O)=C(C=C1)C(=O)C1=C(O)C=C(O)C=C1,WXNRYSGJLQFHBR-UHFFFAOYSA-N,[M-H]-,negative
challenge_277,165.0557 ,CASMI2016_Challenge-028,C9H10O3,CCOC(=O)c1ccc(O)cc1,NUVBSKCKDOMJSU-UHFFFAOYSA-N,[M-H]-,negative
challenge_278,218.9312 ,CASMI2016_Challenge-029,C6H5IO,OC1=CC=C(I)C=C1,VSMDINRNYYEDRN-UHFFFAOYSA-N,[M-H]-,negative
challenge_279,294.0884 ,CASMI2016_Challenge-030,C16H13N3O3,COC(=O)Nc1nc2ccc(cc2[nH]1)C(=O)c1ccccc1,OPXLLQIJSORQAM-UHFFFAOYSA-N,[M-H]-,negative
challenge_280,160.9566 ,CASMI2016_Challenge-031,C6H4Cl2O,Oc1ccc(Cl)cc1Cl,HFZWRUODUSTPEG-UHFFFAOYSA-N,[M-H]-,negative
challenge_281,210.0053 ,CASMI2016_Challenge-032,C9H9NOS2,CCOC1=CC=C2N=C(S)SC2=C1,HOASVNMVYBSLSU-UHFFFAOYSA-N,[M-H]-,negative
challenge_282,217.0329 ,CASMI2016_Challenge-033,C12H10O2S,OC1=CC=C(SC2=CC=C(O)C=C2)C=C1,VWGKEVWFBOUAND-UHFFFAOYSA-N,[M-H]-,negative
challenge_283,445.1868 ,CASMI2016_Challenge-034,C24H30O8,C[C@]12CC[C@H]3[C@@H](CCC4=C3C=CC(O[C@@H]3O[C@@H]([C@@H](O)[C@H](O)[C@H]3O)C(O)=O)=C4)[C@@H]1CCC2=O,FJAZVHYPASAQKM-JBAURARKSA-N,[M-H]-,negative
challenge_284,179.0714 ,CASMI2016_Challenge-035,C10H12O3,CCCOC(=O)c1ccc(O)cc1,QELSKZZBTMNZEB-UHFFFAOYSA-N,[M-H]-,negative
challenge_285,397.0823 ,CASMI2016_Challenge-036,C15H18N4O7S,CCCOC1=NN(C(=O)NS(=O)(=O)C2=CC=CC=C2C(=O)OC)C(=O)N1C,JTHMVYBOQLDDIY-UHFFFAOYSA-N,[M-H]-,negative
challenge_286,218.9621 ,CASMI2016_Challenge-037,C8H6Cl2O3,OC(=O)COc1ccc(Cl)cc1Cl,OVSKIKFHRZPJSS-UHFFFAOYSA-N,[M-H]-,negative
challenge_287,513.2296 ,CASMI2016_Challenge-038,C33H30N4O2,CCCC1=Nc2c(C)cc(C3=Nc4ccccc4N3C)cc2N1Cc1ccc(-c2ccccc2C(O)=O)cc1,RMMXLENWKUUMAY-UHFFFAOYSA-N,[M-H]-,negative
challenge_288,221.0819 ,CASMI2016_Challenge-039,C12H14O4,CC(C)COC(=O)C1=CC=CC=C1C(O)=O,RZJSUWQGFCHNFS-UHFFFAOYSA-N,[M-H]-,negative
challenge_289,199.0167 ,CASMI2016_Challenge-040,C9H9ClO3,Cc1cc(Cl)ccc1OCC(O)=O,WHKUVVPPKQRRBV-UHFFFAOYSA-N,[M-H]-,negative
challenge_290,255.0663 ,CASMI2016_Challenge-041,C15H12O4,OC(=O)C1=CC=CC=C1C(=O)OCC1=CC=CC=C1,XIKIUQUXDNHBFR-UHFFFAOYSA-N,[M-H]-,negative
challenge_291,248.8556 ,CASMI2016_Challenge-042,C6H4Br2O,OC1=C(Br)C=C(Br)C=C1,FAXWFCTVSHEODL-UHFFFAOYSA-N,[M-H]-,negative
challenge_292,223.0401 ,CASMI2016_Challenge-043,C14H8O3,OC1=CC2=C(C=C1)C(=O)C1=CC=CC=C1C2=O,GCDBEYOJCZLKMC-UHFFFAOYSA-N,[M-H]-,negative
challenge_293,423.2388 ,CASMI2016_Challenge-044,C23H36O7,CC[C@H](C)C(=O)O[C@H]1C[C@H](O)C=C2C=C[C@H](C)[C@H](CC[C@@H](O)C[C@@H](O)CC(O)=O)[C@@H]12,TUZYXOIXSAXUGO-PZAWKZKUSA-N,[M-H]-,negative
challenge_294,239.0350 ,CASMI2016_Challenge-045,C14H8O4,OC1=CC=C2C(=O)C3=CC=CC=C3C(=O)C2=C1O,RGCKGOZRHPZPFP-UHFFFAOYSA-N,[M-H]-,negative
challenge_295,221.0608 ,CASMI2016_Challenge-046,C15H10O2,OC(=O)C1=C2C=CC=CC2=CC2=CC=CC=C12,XGWFJBFNAQHLEF-UHFFFAOYSA-N,[M-H]-,negative
challenge_296,249.0322 ,CASMI2016_Challenge-047,C12H11O4P,OP(=O)(OC1=CC=CC=C1)OC1=CC=CC=C1,ASMQGLCHMVWBQR-UHFFFAOYSA-N,[M-H]-,negative
challenge_297,775.6794 ,CASMI2016_Challenge-048,C15H11I4NO4,NC(CC1=CC(I)=C(OC2=CC(I)=C(O)C(I)=C2)C(I)=C1)C(O)=O,XUIIKFGFIJCVMT-UHFFFAOYSA-N,[M-H]-,negative
challenge_298,232.9778 ,CASMI2016_Challenge-049,C9H8Cl2O3,CC(Oc1ccc(Cl)cc1Cl)C(O)=O,MZHCENGPTKEIGP-UHFFFAOYSA-N,[M-H]-,negative
challenge_299,439.1524 ,CASMI2016_Challenge-050,C24H20N6O3,CCOC1=Nc2cccc(C(O)=O)c2N1Cc1ccc(-c2ccccc2C2NN=NN=2)cc1,HTQMVQVXFRQIKW-UHFFFAOYSA-N,[M-H]-,negative
challenge_300,275.0649 ,CASMI2016_Challenge-051,C11H11F3N2O3,CC(C)C(=O)Nc1ccc(c(c1)C(F)(F)F)[N+]([O-])=O,MKXKFYHWDHIYRV-UHFFFAOYSA-N,[M-H]-,negative
challenge_301,282.0094 ,CASMI2016_Challenge-052,C13H11Cl2NO2,CC12CC1(C)C(=O)N(C2=O)c1cc(Cl)cc(Cl)c1,QXJKBPAVAHBARF-UHFFFAOYSA-N,[M-H]-,negative
challenge_302,359.1249 ,CASMI2016_Challenge-053,C18H20N2O6,CCOC(=O)C1=C(C)NC(C)=C(C1C1=CC=CC(=C1)[N+]([O-])=O)C(=O)OC,PVHUJELLJLJGLN-UHFFFAOYSA-N,[M-H]-,negative
challenge_303,255.0299 ,CASMI2016_Challenge-054,C14H8O5,OC1=CC(O)=C2C(=O)C3=CC=CC=C3C(=O)C2=C1O,BBNQQADTFFCFGB-UHFFFAOYSA-N,[M-H]-,negative
challenge_304,309.0248 ,CASMI2016_Challenge-055,C14H9ClF2N2O2,FC1=CC=CC(F)=C1C(=O)NC(=O)NC1=CC=C(Cl)C=C1,QQQYTWIFVNKMRW-UHFFFAOYSA-N,[M-H]-,negative
challenge_305,380.0686 ,CASMI2016_Challenge-056,C17H14F3N3O2S,CC1=CC=C(C=C1)C1=CC(=NN1C1=CC=C(C=C1)S(N)(=O)=O)C(F)(F)F,RZEKVGVHFLEQIL-UHFFFAOYSA-N,[M-H]-,negative
challenge_306,550.1766 ,CASMI2016_Challenge-057,C27H29N5O6S,COC1=CC=CC=C1OC1=C(OCCO)N=C(N=C1NS(=O)(=O)C1=CC=C(C=C1)C(C)(C)C)C1=NC=CC=N1,GJPICJJJRGTNOD-UHFFFAOYSA-N,[M-H]-,negative
challenge_307,386.9644 ,CASMI2016_Challenge-058,C12H4Cl2F6N4,NC1=C(C(=NN1C1=C(Cl)C=C(C=C1Cl)C(F)(F)F)C#N)C(F)(F)F,JWKXVHLIRTVXLD-UHFFFAOYSA-N,[M-H]-,negative
challenge_308,349.1115 ,CASMI2016_Challenge-059,C18H22O5S,CC12CCC3C(CCC4=CC(OS(O)(=O)=O)=CC=C34)C1CCC2=O,JKKFKPJIXZFSSB-UHFFFAOYSA-N,[M-H]-,negative
challenge_309,294.0094 ,CASMI2016_Challenge-060,C14H11Cl2NO2,OC(=O)Cc1ccccc1Nc1c(Cl)cccc1Cl,DCOPUUMXTXDBNB-UHFFFAOYSA-N,[M-H]-,negative
challenge_310,492.1365 ,CASMI2016_Challenge-061,C23H28ClN3O5S,COC1=C(C=C(Cl)C=C1)C(=O)NCCC1=CC=C(C=C1)S(=O)(=O)NC(=O)NC1CCCCC1,ZNNLBTZKUZBEKO-UHFFFAOYSA-N,[M-H]-,negative
challenge_311,356.0695 ,CASMI2016_Challenge-062,C19H16ClNO4,COc1ccc2n(C(=O)c3ccc(Cl)cc3)c(C)c(CC(O)=O)c2c1,CGIGDMFJXJATDK-UHFFFAOYSA-N,[M-H]-,negative
challenge_312,557.2457 ,CASMI2016_Challenge-063,C33H35FN2O5,CC(C)c1c(C(=O)Nc2ccccc2)c(c(-c2ccc(F)cc2)n1CC[C@@H](O)C[C@@H](O)CC(O)=O)-c1ccccc1,XUKUURHRXDUEBC-KAYWLYCHSA-N,[M-H]-,negative
challenge_313,418.9365 ,CASMI2016_Challenge-064,C12H4Cl2F6N4S,C1=C(C=C(C(=C1Cl)N2C(=C(C(=N2)C#N)SC(F)(F)F)N)Cl)C(F)(F)F,FQXWEKADCSXYOC-UHFFFAOYSA-N,[M-H]-,negative
challenge_314,489.2177 ,CASMI2016_Challenge-065,C24H34N4O5S,CCC1=C(C)CN(C(=O)NCCC2=CC=C(C=C2)S(=O)(=O)NC(=O)NC2CCC(C)CC2)C1=O,WIGIZIANZCJQQY-UHFFFAOYSA-N,[M-H]-,negative
challenge_315,325.9629 ,CASMI2016_Challenge-066,C13H7Cl2NO5,OC(=O)C1=C(C=CC(OC2=C(Cl)C=C(Cl)C=C2)=C1)[N+]([O-])=O,IUSYSZLVZMUVDO-UHFFFAOYSA-N,[M-H]-,negative
challenge_316,312.9728 ,CASMI2016_Challenge-067,C6HF11O2,OC(=O)C(F)(F)C(F)(F)C(F)(F)C(F)(F)C(F)(F)F,PXUULQAPEKKVAH-UHFFFAOYSA-N,[M-H]-,negative
challenge_317,244.9082 ,CASMI2016_Challenge-068,C8HCl3N2O,Oc1c(Cl)c(Cl)c(C#N)c(Cl)c1C#N,MDQKYGOECVSPIW-UHFFFAOYSA-N,[M-H]-,negative
challenge_318,312.9708 ,CASMI2016_Challenge-069,C13H9Cl3N2O,ClC1=CC=C(NC(=O)NC2=CC=C(Cl)C(Cl)=C2)C=C1,ICUTUKXCWQYESQ-UHFFFAOYSA-N,[M-H]-,negative
challenge_319,327.0445 ,CASMI2016_Challenge-070,C16H12N2O4S,OC1=CC=C2C=CC=CC2=C1N=NC1=CC=C(C=C1)S(O)(=O)=O,RDUJRVXKAIVTDH-UHFFFAOYSA-N,[M-H]-,negative
challenge_320,538.7498 ,CASMI2016_Challenge-071,C15H12Br4O2,CC(C)(c1cc(Br)c(O)c(Br)c1)c1cc(Br)c(O)c(Br)c1,VEORPZCZECFIRK-UHFFFAOYSA-N,[M-H]-,negative
challenge_321,497.9462 ,CASMI2016_Challenge-072,C8H2F17NO2S,NS(=O)(=O)C(F)(F)C(F)(F)C(F)(F)C(F)(F)C(F)(F)C(F)(F)C(F)(F)C(F)(F)F,RRRXPPIDPYTNJG-UHFFFAOYSA-N,[M-H]-,negative
challenge_322,482.5871 ,CASMI2016_Challenge-073,C6HBr5O,OC1=C(Br)C(Br)=C(Br)C(Br)=C1Br,SVHOVVJFOWGYJO-UHFFFAOYSA-N,[M-H]-,negative
challenge_323,487.0290 ,CASMI2016_Challenge-074,C21H11ClF6N2O3,FC1=CC(OC2=CC=C(C=C2Cl)C(F)(F)F)=CC=C1NC(=O)NC(=O)C1=C(F)C=CC=C1F,RYLHNOVXKPXDIP-UHFFFAOYSA-N,[M-H]-,negative
challenge_324,402.8426 ,CASMI2016_Challenge-075,C13H6Cl6O2,OC1=C(CC2=C(Cl)C(Cl)=CC(Cl)=C2O)C(Cl)=C(Cl)C=C1Cl,ACGUYXCXAPNIKK-UHFFFAOYSA-N,[M-H]-,negative
challenge_325,347.9158 ,CASMI2016_Challenge-076,C13H7Cl4NO2,Oc1c(Cl)cc(Cl)cc1C(=O)Nc1ccc(Cl)c(Cl)c1,SJQBHPJLLIJASD-UHFFFAOYSA-N,[M-H]-,negative
challenge_326,347.9158 ,CASMI2016_Challenge-077,C13H7Cl4NO2,OC1=C(Cl)C(Cl)=C(Cl)C(Cl)=C1C(=O)NC1=CC=CC=C1,BDOBMVIEWHZYDL-UHFFFAOYSA-N,[M-H]-,negative
challenge_327,426.9679 ,CASMI2016_Challenge-078,C8H5F13O3S,[H]C([H])(C([H])([H])S(O)(=O)=O)C(F)(F)C(F)(F)C(F)(F)C(F)(F)C(F)(F)C(F)(F)F,VIONGDJUYAYOPU-UHFFFAOYSA-N,[M-H]-,negative
challenge_328,669.4219 ,CASMI2016_Challenge-079,C36H62O11,CC[C@]1(CC[C@@H](O1)[C@@]1(C)CC[C@]2(C[C@H](O)[C@@H](C)[C@H](O2)[C@H](C)[C@H](OC)[C@@H](C)C(O)=O)O1)[C@H]1O[C@@H](C[C@H]1C)[C@H]1O[C@@](O)(CO)[C@H](C)C[C@@H]1C,GAOZTHIDHYLHMS-GDMSFIFLSA-N,[M-H]-,negative
challenge_329,512.9600 ,CASMI2016_Challenge-080,C10HF19O2,OC(=O)C(F)(F)C(F)(F)C(F)(F)C(F)(F)C(F)(F)C(F)(F)C(F)(F)C(F)(F)C(F)(F)F,PCIUEQPBYFRTEM-UHFFFAOYSA-N,[M-H]-,negative
challenge_330,325.1843 ,CASMI2016_Challenge-081,C18H30O3S,CCCCCCCCCCCCC1=CC=C(C=C1)S(O)(=O)=O,KWXICGTUELOLSQ-UHFFFAOYSA-N,[M-H]-,negative
challenge_331,167.1040 ,CASMI2016_Challenge-082,C6H10N6,NC1=NC(NC2CC2)=NC(N)=N1,LVQDKIWDGQRHTE-UHFFFAOYSA-N,[M+H]+,positive
challenge_332,123.0917 ,CASMI2016_Challenge-083,C7H10N2,CN(C)C1=CC=NC=C1,VHYFNPMBLIVWCW-UHFFFAOYSA-N,[M+H]+,positive
challenge_333,114.0662 ,CASMI2016_Challenge-084,C4H7N3O,CN1CC(=O)N=C1N,DDRJAANPRJIHGJ-UHFFFAOYSA-N,[M+H]+,positive
challenge_334,119.0604 ,CASMI2016_Challenge-085,C7H6N2,N1C=NC2=CC=CC=C12,HYZJCKYKOHLVJF-UHFFFAOYSA-N,[M+H]+,positive
challenge_335,100.1121 ,CASMI2016_Challenge-086,C6H13N,NC1CCCCC1,PAFZNILMFXTMIY-UHFFFAOYSA-N,[M+H]+,positive
challenge_336,167.0451 ,CASMI2016_Challenge-087,C7H6N2O3,NC(=O)C1=C(C=CC=C1)[N+]([O-])=O,KLGQWSOYKYFBTR-UHFFFAOYSA-N,[M+H]+,positive
challenge_337,192.0768 ,CASMI2016_Challenge-088,C9H9N3O2,COC(=O)NC1=NC2=CC=CC=C2N1,TWFZGCMQGLPBSX-UHFFFAOYSA-N,[M+H]+,positive
challenge_338,139.0502 ,CASMI2016_Challenge-089,C6H6N2O2,COC(=O)C1=CN=CC=N1,TWIIRMSFZNYMQE-UHFFFAOYSA-N,[M+H]+,positive
challenge_339,151.0324 ,CASMI2016_Challenge-090,C7H6N2S,SC1=NC2=CC=CC=C2N1,YHMYGUUIMTVXNW-UHFFFAOYSA-N,[M+H]+,positive
challenge_340,196.0604 ,CASMI2016_Challenge-091,C9H9NO4,CC(=O)NC1=CC=C(O)C(=C1)C(O)=O,GEFDRROBUCULOD-UHFFFAOYSA-N,[M+H]+,positive
challenge_341,150.0913 ,CASMI2016_Challenge-092,C9H11NO,CC(=O)NC1=C(C)C=CC=C1,BPEXTIMJLDWDTL-UHFFFAOYSA-N,[M+H]+,positive
challenge_342,212.1506 ,CASMI2016_Challenge-093,C9H17N5O,CCNC1=NC(=O)N=C(NC(C)(C)C)N1,OYTCZOJKXCTBHG-UHFFFAOYSA-N,[M+H]+,positive
challenge_343,376.9859 ,CASMI2016_Challenge-094,C13H18Br2N2O,NC1=C(Br)C=C(Br)C=C1CNC1CCC(O)CC1,JBDGDEWWOUBZPM-UHFFFAOYSA-N,[M+H]+,positive
challenge_344,147.0665 ,CASMI2016_Challenge-095,C7H6N4,N1N=NN=C1C1=CC=CC=C1,MARUHZGHZWCEQU-UHFFFAOYSA-N,[M+H]+,positive
challenge_345,218.0845 ,CASMI2016_Challenge-096,C9H15NO3S,C[C@H](CS)C(=O)N1CCC[C@H]1C(O)=O,FAKRSMQSSFJEIM-RQJHMYQMSA-N,[M+H]+,positive
challenge_346,225.1135 ,CASMI2016_Challenge-097,C13H12N4,Cn1c2cc(cnc2[nH]c1=N)-c1ccccc1,UQVKZNNCIHJZLS-UHFFFAOYSA-N,[M+H]+,positive
challenge_347,311.1310 ,CASMI2016_Challenge-098,C19H19ClN2,Clc1ccc2c(CCc3cccnc3C2=C2CCNCC2)c1,JAUOIFJMECXRGI-UHFFFAOYSA-N,[M+H]+,positive
challenge_348,294.1601 ,CASMI2016_Challenge-099,C18H19N3O,CN1C2=C(C3=C1C=CC=C3)C(=O)C(CN1C=CN=C1C)CC2,FELGMEQIXOGIFQ-UHFFFAOYSA-N,[M+H]+,positive
challenge_349,264.1758 ,CASMI2016_Challenge-100,C16H22FNO,CC1CCN(CCCC(=O)C2=CC=C(F)C=C2)CC1,DKMFBWQBDIGMHM-UHFFFAOYSA-N,[M+H]+,positive
challenge_350,267.1088 ,CASMI2016_Challenge-101,C11H14N4O4,CN1C=NC2=C1C(=O)N(CCCC(O)=O)C(=O)N2C,WKASGTGXOGALBG-UHFFFAOYSA-N,[M+H]+,positive
challenge_351,191.0451 ,CASMI2016_Challenge-102,C9H6N2O3,[O-][N+](=O)c1cc[n+]([O-])c2ccccc12,YHQDZJICGQWFHK-UHFFFAOYSA-N,[M+H]+,positive
challenge_352,148.0757 ,CASMI2016_Challenge-103,C9H9NO,NC(=O)\C=C\C1=CC=CC=C1,APEJMQOBVMLION-VOTSOKGWSA-N,[M+H]+,positive
challenge_353,215.9784 ,CASMI2016_Challenge-104,C7H5NO3S2,OS(=O)(=O)C1=NC2=CC=CC=C2S1,ZCXGMSGCBDSEOY-UHFFFAOYSA-N,[M+H]+,positive
challenge_354,411.2191 ,CASMI2016_Challenge-105,C23H27FN4O2,CC1=C(CCN2CCC(CC2)c2noc3cc(F)ccc23)C(=O)N2CCCCC2=N1,RAPZEAPATHNIPO-UHFFFAOYSA-N,[M+H]+,positive
challenge_355,471.1735 ,CASMI2016_Challenge-106,C20H22N8O6,CN(CC1=Nc2c(N)nc(N)nc2NC1=O)c1ccc(cc1)C(=O)NC(CCC(O)=O)C(O)=O,HODZDDDNGRLGSI-UHFFFAOYSA-N,[M+H]+,positive
challenge_356,251.0373 ,CASMI2016_Challenge-107,C12H10O4S,Oc1ccc(cc1)S(=O)(=O)c1ccc(O)cc1,VPWNQTHUCYMVMZ-UHFFFAOYSA-N,[M+H]+,positive
challenge_357,426.1691 ,CASMI2016_Challenge-108,C22H24ClN5O2,ClC1=CC2=C(C=C1)N(C1CCN(CCCN3C(=O)NC4=C3C=CC=C4)CC1)C(=O)N2,FGXWKSZFVQUSTL-UHFFFAOYSA-N,[M+H]+,positive
challenge_358,279.1452 ,CASMI2016_Challenge-109,C13H18N4O3,CN1c2ncn(C)c2C(=O)N(CCCCC(C)=O)C1=O,BYPFEZZEUUWMEJ-UHFFFAOYSA-N,[M+H]+,positive
challenge_359,395.1864 ,CASMI2016_Challenge-110,C21H27FO6,CC12CC(O)C3(F)C(CCC4=CC(=O)C=CC34C)C1CC(O)C2(O)C(=O)CO,GFNANZIMVAIWHM-UHFFFAOYSA-N,[M+H]+,positive
challenge_360,413.1197 ,CASMI2016_Challenge-111,C21H21ClN4OS,ClC1=CC2=C(CC(=O)N2)C=C1CCN1CCN(CC1)C1=NSC2=C1C=CC=C2,MVWVFYHBGMAFLY-UHFFFAOYSA-N,[M+H]+,positive
challenge_361,285.1420 ,CASMI2016_Challenge-112,C17H20N2S,CC(CN1C2=C(SC3=C1C=CC=C3)C=CC=C2)N(C)C,PWWVAXIEGOYWEE-UHFFFAOYSA-N,[M+H]+,positive
challenge_362,161.9872 ,CASMI2016_Challenge-113,C6H5Cl2N,C1=CC(=C(C=C1N)Cl)Cl,SDYWXFYBZPNOFX-UHFFFAOYSA-N,[M+H]+,positive
challenge_363,297.0556 ,CASMI2016_Challenge-114,C14H14Cl2N2O,ClC1=CC=C(C(CN2C=CN=C2)OCC=C)C(Cl)=C1,PZBPKYOVPCNPJY-UHFFFAOYSA-N,[M+H]+,positive
challenge_364,474.1734 ,CASMI2016_Challenge-115,C28H27NO4S,Oc1ccc(cc1)-c1sc2cc(O)ccc2c1C(=O)c1ccc(OCCN2CCCCC2)cc1,GZUITABIAKMVPG-UHFFFAOYSA-N,[M+H]+,positive
challenge_365,213.9862 ,CASMI2016_Challenge-116,C8H8BrNO,CC(=O)NC1=CC=C(Br)C=C1,MSLICLMCQYQNPK-UHFFFAOYSA-N,[M+H]+,positive
challenge_366,298.1260 ,CASMI2016_Challenge-117,C18H19NOS,CNCC[C@H](Oc1cccc2ccccc12)c1cccs1,ZEUITGRIYCTCEM-KRWDZBQOSA-N,[M+H]+,positive
challenge_367,382.1681 ,CASMI2016_Challenge-118,C22H24ClN3O,CN1CCCC(CC1)N1N=C(Cc2ccc(Cl)cc2)c2ccccc2C1=O,MBUVEWMHONZEQD-UHFFFAOYSA-N,[M+H]+,positive
challenge_368,223.9706 ,CASMI2016_Challenge-119,C9H6BrNO,BrC1=CC2=C(NC(=O)C=C2)C=C1,YLAFBGATSQRSTB-UHFFFAOYSA-N,[M+H]+,positive
challenge_369,282.2791 ,CASMI2016_Challenge-120,C18H35NO,CC1CN(CC(C)O1)C1CCCCCCCCCCC1,JMXKCYUTURMERF-UHFFFAOYSA-N,[M+H]+,positive
challenge_370,224.0917 ,CASMI2016_Challenge-121,C11H13NO4,CNC(=O)Oc1cccc2OC(C)(C)Oc12,XEGGRYVFLWGFHI-UHFFFAOYSA-N,[M+H]+,positive
challenge_371,331.0150 ,CASMI2016_Challenge-122,C12H11ClN2O5S,NS(=O)(=O)c1cc(C(O)=O)c(NCc2ccco2)cc1Cl,ZZUFCTLCJUWOSV-UHFFFAOYSA-N,[M+H]+,positive
challenge_372,284.9612 ,CASMI2016_Challenge-123,C6H12Cl3O4P,ClCCOP(=O)(OCCCl)OCCCl,HQUQLFOMPYWACS-UHFFFAOYSA-N,[M+H]+,positive
challenge_373,294.1713 ,CASMI2016_Challenge-124,C17H19N5,CC(C)(C#N)c1cc(Cn2cncn2)cc(c1)C(C)(C)C#N,YBBLVLTVTVSKRW-UHFFFAOYSA-N,[M+H]+,positive
challenge_374,147.0804 ,CASMI2016_Challenge-125,C10H10O,CC(=O)C=CC1=CC=CC=C1,BWHOZHOGCMHOBV-UHFFFAOYSA-N,[M+H]+,positive
challenge_375,221.0743 ,CASMI2016_Challenge-126,C11H12N2OS,C1CN(CCO1)C1=NC2=CC=CC=C2S1,VVUVJGRVEYHIHC-UHFFFAOYSA-N,[M+H]+,positive
challenge_376,203.0525 ,CASMI2016_Challenge-127,C12H10OS,O=S(C1=CC=CC=C1)C1=CC=CC=C1,JJHHIJFTHRNPIK-UHFFFAOYSA-N,[M+H]+,positive
challenge_377,219.0474 ,CASMI2016_Challenge-128,C12H10O2S,O=S(=O)(C1=CC=CC=C1)C1=CC=CC=C1,KZTYYGOKRVBIMI-UHFFFAOYSA-N,[M+H]+,positive
challenge_378,233.1107 ,CASMI2016_Challenge-129,C13H16N2S,C1CCC(CC1)NC1=NC2=CC=CC=C2S1,UPWPIFMHSFSVLE-UHFFFAOYSA-N,[M+H]+,positive
challenge_379,311.1543 ,CASMI2016_Challenge-130,C22H18N2,C1=CN(C=N1)C(C1=CC=CC=C1)C1=CC=C(C=C1)C1=CC=CC=C1,OCAPBUJLXMYKEJ-UHFFFAOYSA-N,[M+H]+,positive
challenge_380,204.1019 ,CASMI2016_Challenge-131,C12H13NO2,CC(C)N1C(=O)C(=O)C2=CC(C)=CC=C12,SYJHSTNDLFUIMT-UHFFFAOYSA-N,[M+H]+,positive
challenge_381,345.1153 ,CASMI2016_Challenge-132,C22H17ClN2,Clc1ccccc1C(c1ccccc1)(c1ccccc1)n1ccnc1,VNFPBHJOKIVQEB-UHFFFAOYSA-N,[M+H]+,positive
challenge_382,477.2303 ,CASMI2016_Challenge-133,C29H33ClN2O2,CN(C)C(=O)C(CCN1CCC(O)(CC1)c1ccc(Cl)cc1)(c1ccccc1)c1ccccc1,RDOIQAHITMMDAJ-UHFFFAOYSA-N,[M+H]+,positive
challenge_383,214.0896 ,CASMI2016_Challenge-134,C10H15NO2S,CCCCNS(=O)(=O)C1=CC=CC=C1,IPRJXAGUEGOFGG-UHFFFAOYSA-N,[M+H]+,positive
challenge_384,391.2300 ,CASMI2016_Challenge-135,C15H30N6O6,COCN(COC)C1=NC(=NC(=N1)N(COC)COC)N(COC)COC,BNCADMBVWNPPIZ-UHFFFAOYSA-N,[M+H]+,positive
challenge_385,212.0198 ,CASMI2016_Challenge-136,C9H9NOS2,CCOC1=CC=C2N=C(S)SC2=C1,HOASVNMVYBSLSU-UHFFFAOYSA-N,[M+H]+,positive
challenge_386,389.1626 ,CASMI2016_Challenge-137,C21H25ClN2O3,OC(=O)COCCN1CCN(CC1)C(c1ccccc1)c1ccc(Cl)cc1,ZKLPARSLTMPFCP-UHFFFAOYSA-N,[M+H]+,positive
challenge_387,399.0969 ,CASMI2016_Challenge-138,C15H18N4O7S,CCCOC1=NN(C(=O)NS(=O)(=O)C2=CC=CC=C2C(=O)OC)C(=O)N1C,JTHMVYBOQLDDIY-UHFFFAOYSA-N,[M+H]+,positive
challenge_388,278.1055 ,CASMI2016_Challenge-139,C14H16ClN3O,Cc1cccc(C)c1N(Cn1cccn1)C(=O)CCl,STEPQTYSZVCJPV-UHFFFAOYSA-N,[M+H]+,positive
challenge_389,309.0427 ,CASMI2016_Challenge-140,C14H12O6S,COC1=CC(O)=C(C=C1S(O)(=O)=O)C(=O)C1=CC=CC=C1,CXVGEDCSTKKODG-UHFFFAOYSA-N,[M+H]+,positive
challenge_390,223.0965 ,CASMI2016_Challenge-141,C12H14O4,CCOC(=O)C1=CC=CC=C1C(=O)OCC,FLKPEMZONWLCSK-UHFFFAOYSA-N,[M+H]+,positive
challenge_391,301.0738 ,CASMI2016_Challenge-142,C16H13ClN2O2,CN1c2ccc(Cl)cc2C(=NC(O)C1=O)c1ccccc1,SEQDDYPDSLOBDC-UHFFFAOYSA-N,[M+H]+,positive
challenge_392,405.2272 ,CASMI2016_Challenge-143,C23H32O6,CC(=O)OCC(=O)[C@@]1(O)CC[C@H]2[C@@H]3CCC4=CC(=O)CC[C@]4(C)[C@H]3[C@@H](O)C[C@]12C,ALEXXDVDDISNDU-JZYPGELDSA-N,[M+H]+,positive
challenge_393,230.2478 ,CASMI2016_Challenge-144,C14H31NO,CCCCCCCCCCCC[N+](C)(C)[O-],SYELZBGXAIXKHU-UHFFFAOYSA-N,[M+H]+,positive
challenge_394,423.1695 ,CASMI2016_Challenge-145,C22H23ClN6O,CCCCC1=NC(Cl)=C(CO)N1CC1=CC=C(C=C1)C1=C(C=CC=C1)C1=NNN=N1,PSIFNNKUMBGKDQ-UHFFFAOYSA-N,[M+H]+,positive
challenge_395,317.1642 ,CASMI2016_Challenge-146,C13H24N4O3S,CCCCC1=C(C)N=C(NCC)N=C1OS(=O)(=O)N(C)C,DSKJPMWIHSOYEA-UHFFFAOYSA-N,[M+H]+,positive
challenge_396,414.9933 ,CASMI2016_Challenge-147,C18H14Cl4N2O,Clc1ccc(COC(Cn2ccnc2)c2ccc(Cl)cc2Cl)c(Cl)c1,BYBLEWFAAKGYCD-UHFFFAOYSA-N,[M+H]+,positive
challenge_397,321.1333 ,CASMI2016_Challenge-148,C17H20O6,COc1c(C)c2COC(=O)c2c(O)c1C\C=C(/C)CCC(O)=O,HPNSFSBZBAHARI-RUDMXATFSA-N,[M+H]+,positive
challenge_398,264.0090 ,CASMI2016_Challenge-149,C8H10NO5PS,COP(=S)(OC)Oc1ccc(cc1)[N+]([O-])=O,RLBIQVVOMOPOHC-UHFFFAOYSA-N,[M+H]+,positive
challenge_399,372.2322 ,CASMI2016_Challenge-150,C26H29NO,CC\C(=C(/c1ccccc1)c1ccc(OCCN(C)C)cc1)c1ccccc1,NKANXQFJJICGDU-QPLCGJKRSA-N,[M+H]+,positive
challenge_400,322.0663 ,CASMI2016_Challenge-151,C16H16ClNO2S,COC(=O)C(N1CCc2sccc2C1)c1ccccc1Cl,GKTWGGQPFAXNFI-UHFFFAOYSA-N,[M+H]+,positive
challenge_401,287.0948 ,CASMI2016_Challenge-152,C13H18O5S,CCOC1Oc2ccc(OS(C)(=O)=O)cc2C1(C)C,IRCMYGHHKLLGHV-UHFFFAOYSA-N,[M+H]+,positive
challenge_402,251.0468 ,CASMI2016_Challenge-153,C12H11O4P,OP(=O)(OC1=CC=CC=C1)OC1=CC=CC=C1,ASMQGLCHMVWBQR-UHFFFAOYSA-N,[M+H]+,positive
challenge_403,253.0464 ,CASMI2016_Challenge-154,C11H12N2OS2,C1CN(CCO1)SC1=NC2=CC=CC=C2S1,MHKLKWCYGIBEQF-UHFFFAOYSA-N,[M+H]+,positive
challenge_404,299.2006 ,CASMI2016_Challenge-155,C20H26O2,CC12CCC3C(CCC4=CC(=O)CCC34)C1CCC2(O)C#C,VIKNJXKGJWUCNN-UHFFFAOYSA-N,[M+H]+,positive
challenge_405,441.1670 ,CASMI2016_Challenge-156,C24H20N6O3,CCOC1=Nc2cccc(C(O)=O)c2N1Cc1ccc(-c2ccccc2C2NN=NN=2)cc1,HTQMVQVXFRQIKW-UHFFFAOYSA-N,[M+H]+,positive
challenge_406,194.1176 ,CASMI2016_Challenge-157,C11H15NO2,CCOC(=O)C1=CC=C(C=C1)N(C)C,FZUGPQWGEGAKET-UHFFFAOYSA-N,[M+H]+,positive
challenge_407,279.0273 ,CASMI2016_Challenge-158,C10H15O3PS2,COP(=S)(OC)Oc1ccc(SC)c(C)c1,PNVJTZOFSHSLTO-UHFFFAOYSA-N,[M+H]+,positive
challenge_408,247.0965 ,CASMI2016_Challenge-159,C14H14O4,C=CCOC(=O)C1=CC=CC=C1C(=O)OCC=C,QUDWYFHPNIMBFC-UHFFFAOYSA-N,[M+H]+,positive
challenge_409,194.0964 ,CASMI2016_Challenge-160,C14H11N,N1C2=CC=CC=C2C=CC2=CC=CC=C12,LCGTWRLJTMHIQZ-UHFFFAOYSA-N,[M+H]+,positive
challenge_410,311.2006 ,CASMI2016_Challenge-161,C21H26O2,CCC12CCC3C(CCC4=CC(=O)CCC34)C1C=CC2(O)C#C,SIGSPDASOTUPFS-UHFFFAOYSA-N,[M+H]+,positive
challenge_411,195.0804 ,CASMI2016_Challenge-162,C14H10O,O=C1C2=CC=CC=C2CC2=CC=CC=C12,RJGDLRCDCYRQOQ-UHFFFAOYSA-N,[M+H]+,positive
challenge_412,232.1332 ,CASMI2016_Challenge-163,C14H17NO2,CCN(CC)C1=CC=C2C(C)=CC(=O)OC2=C1,AFYCEAFSNDLKSX-UHFFFAOYSA-N,[M+H]+,positive
challenge_413,470.3054 ,CASMI2016_Challenge-164,C32H39NO2,CC(C)(C)C1=CC=C(C=C1)C(=O)CCCN1CCC(CC1)OC(C1=CC=CC=C1)C1=CC=CC=C1,MJJALKDDGIKVBE-UHFFFAOYSA-N,[M+H]+,positive
challenge_414,367.2268 ,CASMI2016_Challenge-165,C24H30O3,CC12CCC3C(C4CC4C4=CC(=O)CCC34C)C1C1CC1C21CCC(=O)O1,METQSPRSQINEEU-UHFFFAOYSA-N,[M+H]+,positive
challenge_415,223.0754 ,CASMI2016_Challenge-166,C15H10O2,O=C1C=C(OC2=CC=CC=C12)C1=CC=CC=C1,VHBFFQKBGNRLFZ-UHFFFAOYSA-N,[M+H]+,positive
challenge_416,341.2111 ,CASMI2016_Challenge-167,C22H28O3,CC12CCC3C(C=CC4=CC(=O)CCC34C)C1CCC21CCC(=O)O1,UJVLDDZCTMKXJK-UHFFFAOYSA-N,[M+H]+,positive
challenge_417,214.0629 ,CASMI2016_Challenge-168,C10H12ClNO2,CC(C)OC(=O)Nc1cccc(Cl)c1,CWJSHJJYOPWUGX-UHFFFAOYSA-N,[M+H]+,positive
challenge_418,296.1160 ,CASMI2016_Challenge-169,C14H18ClN3O2,CC(C)(C)C(O)C(Oc1ccc(Cl)cc1)n1cncn1,BAZVSMNPJJMILC-UHFFFAOYSA-N,[M+H]+,positive
challenge_419,361.1394 ,CASMI2016_Challenge-170,C18H20N2O6,CCOC(=O)C1=C(C)NC(C)=C(C1C1=CC=CC(=C1)[N+]([O-])=O)C(=O)OC,PVHUJELLJLJGLN-UHFFFAOYSA-N,[M+H]+,positive
challenge_420,200.0528 ,CASMI2016_Challenge-171,C12H9NS,CC1=NC2=C(S1)C=CC1=CC=CC=C21,OUXMJRMYZCEVKO-UHFFFAOYSA-N,[M+H]+,positive
challenge_421,313.2162 ,CASMI2016_Challenge-172,C21H28O2,CCC12CCC3C(CCC4=CC(=O)CCC34)C1CCC2(O)C#C,WWYNJERNGUHSAO-UHFFFAOYSA-N,[M+H]+,positive
challenge_422,294.2064 ,CASMI2016_Challenge-173,C17H27NO3,CCCCCCCCC(=O)NCC1=CC=C(O)C(OC)=C1,RGOVYLWUIBMPGK-UHFFFAOYSA-N,[M+H]+,positive
challenge_423,375.1721 ,CASMI2016_Challenge-174,C22H27ClO3,CC(=O)C1(O)CCC2C3C=C(Cl)C4=CC(=O)C5CC5C4(C)C3CCC12C,DUSHUSLJJMDGTE-UHFFFAOYSA-N,[M+H]+,positive
challenge_424,221.0961 ,CASMI2016_Challenge-175,C16H12O,CC(=O)C1=C2C=CC=CC2=CC2=CC=CC=C12,NXXNVJDXUHMAHU-UHFFFAOYSA-N,[M+H]+,positive
challenge_425,436.2343 ,CASMI2016_Challenge-176,C24H29N5O3,CCCCC(=O)N(CC1=CC=C(C=C1)C1=CC=CC=C1C1=NNN=N1)[C@@H](C(C)C)C(O)=O,ACWBQPMHZXGDFX-QFIPXVFZSA-N,[M+H]+,positive
challenge_426,459.0866 ,CASMI2016_Challenge-177,C21H16ClFN4O5,CO\N=C(\C1=NOCCO1)C1=C(OC2=C(F)C(OC3=C(Cl)C=CC=C3)=NC=N2)C=CC=C1,UFEODZBUAFNAEU-NLRVBDNBSA-N,[M+H]+,positive
challenge_427,269.1648 ,CASMI2016_Challenge-178,C17H20N2O,CN(C)C1=CC=C(C=C1)C(=O)C2=CC=C(C=C2)N(C)C,VVBLNCFGVYUYGU-UHFFFAOYSA-N,[M+H]+,positive
challenge_428,311.0393 ,CASMI2016_Challenge-179,C14H9ClF2N2O2,FC1=CC=CC(F)=C1C(=O)NC(=O)NC1=CC=C(Cl)C=C1,QQQYTWIFVNKMRW-UHFFFAOYSA-N,[M+H]+,positive
challenge_429,221.0961 ,CASMI2016_Challenge-180,C16H12O,CC(=O)C1=CC2=CC=CC=C2C2=CC=CC=C12,UIFAWZBYTTXSOG-UHFFFAOYSA-N,[M+H]+,positive
challenge_430,552.1911 ,CASMI2016_Challenge-181,C27H29N5O6S,COC1=CC=CC=C1OC1=C(OCCO)N=C(N=C1NS(=O)(=O)C1=CC=C(C=C1)C(C)(C)C)C1=NC=CC=N1,GJPICJJJRGTNOD-UHFFFAOYSA-N,[M+H]+,positive
challenge_431,382.0832 ,CASMI2016_Challenge-182,C17H14F3N3O2S,CC1=CC=C(C=C1)C1=CC(=NN1C1=CC=C(C=C1)S(N)(=O)=O)C(F)(F)F,RZEKVGVHFLEQIL-UHFFFAOYSA-N,[M+H]+,positive
challenge_432,313.2162 ,CASMI2016_Challenge-183,C21H28O2,CC(=O)[C@H]1CC[C@H]2[C@@H]3C=CC4=CC(=O)CC[C@@]4(C)[C@@H]3CC[C@]12C,JGMOKGBVKVMRFX-HQZYFCCVSA-N,[M+H]+,positive
challenge_433,345.2424 ,CASMI2016_Challenge-184,C22H32O3,CC1CC2C3CCC(O)(C(C)=O)C3(C)CCC2C2(C)CCC(=O)C=C12,FRQMUZJSZHZSGN-UHFFFAOYSA-N,[M+H]+,positive
challenge_434,494.1511 ,CASMI2016_Challenge-185,C23H28ClN3O5S,COC1=C(C=C(Cl)C=C1)C(=O)NCCC1=CC=C(C=C1)S(=O)(=O)NC(=O)NC1CCCCC1,ZNNLBTZKUZBEKO-UHFFFAOYSA-N,[M+H]+,positive
challenge_435,306.1036 ,CASMI2016_Challenge-186,C11H20N3O3PS,CCN(CC)c1nc(C)cc(OP(=S)(OC)OC)n1,QHOQHJPRIBSPCY-UHFFFAOYSA-N,[M+H]+,positive
challenge_436,302.1387 ,CASMI2016_Challenge-187,C17H19NO4,CCOC(=O)NCCOC1=CC=C(OC2=CC=CC=C2)C=C1,HJUFTIJOISQSKQ-UHFFFAOYSA-N,[M+H]+,positive
challenge_437,385.2373 ,CASMI2016_Challenge-188,C24H32O4,CC(=O)O[C@@]1(CC[C@H]2[C@@H]3C=C(C)C4=CC(=O)CC[C@]4(C)[C@H]3CC[C@]12C)C(C)=O,RQZAXGRLVPAYTJ-GQFGMJRRSA-N,[M+H]+,positive
challenge_438,368.1104 ,CASMI2016_Challenge-189,C18H16F3NO4,COC=C(C(=O)OC)C1=CC=CC=C1COC1=CC=CC(=N1)C(F)(F)F,IBSNKSODLGJUMQ-UHFFFAOYSA-N,[M+H]+,positive
challenge_439,559.2603 ,CASMI2016_Challenge-190,C33H35FN2O5,CC(C)c1c(C(=O)Nc2ccccc2)c(c(-c2ccc(F)cc2)n1CC[C@@H](O)C[C@@H](O)CC(O)=O)-c1ccccc1,XUKUURHRXDUEBC-KAYWLYCHSA-N,[M+H]+,positive
challenge_440,387.2530 ,CASMI2016_Challenge-191,C24H34O4,C[C@H]1C[C@H]2[C@@H]3CC[C@](OC(C)=O)(C(C)=O)[C@@]3(C)CC[C@@H]2[C@@]2(C)CCC(=O)C=C12,PSGAAPLEWMOORI-PEINSRQWSA-N,[M+H]+,positive
challenge_441,491.2323 ,CASMI2016_Challenge-192,C24H34N4O5S,CCC1=C(C)CN(C(=O)NCCC2=CC=C(C=C2)S(=O)(=O)NC(=O)NC2CCC(C)CC2)C1=O,WIGIZIANZCJQQY-UHFFFAOYSA-N,[M+H]+,positive
challenge_442,428.8912 ,CASMI2016_Challenge-193,C9H15Cl6O4P,O=P(OC(CCl)CCl)(OC(CCl)CCl)OC(CCl)CCl,ASLWPAWFJZFCKF-UHFFFAOYSA-N,[M+H]+,positive
challenge_443,358.9768 ,CASMI2016_Challenge-194,C12H14Cl3O4P,CCOP(=O)(OCC)O\C(=C/Cl)c1ccc(Cl)cc1Cl,FSAVDKDHPDSCTO-WQLSENKSSA-N,[M+H]+,positive
challenge_444,374.0934 ,CASMI2016_Challenge-195,C14H20N3O5PS,CCOC(=O)c1cn2nc(OP(=S)(OCC)OCC)cc2nc1C,JOOMJVFZQRQWKR-UHFFFAOYSA-N,[M+H]+,positive
challenge_445,288.2533 ,CASMI2016_Challenge-196,C16H33NO3,CCCCCCCCCCCC(=O)N(CCO)CCO,AOMUHOFOVNGZAN-UHFFFAOYSA-N,[M+H]+,positive
challenge_446,254.0964 ,CASMI2016_Challenge-197,C19H11N,c1cnc2c(c1)cc1ccc3cccc4ccc2c1c34,BYFIUFNRSNKODH-UHFFFAOYSA-N,[M+H]+,positive
challenge_447,267.1720 ,CASMI2016_Challenge-198,C12H27O4P,CC(C)COP(=O)(OCC(C)C)OCC(C)C,HRKAMJBPFPHCSD-UHFFFAOYSA-N,[M+H]+,positive
challenge_448,258.2428 ,CASMI2016_Challenge-199,C15H31NO2,CCCCCCCCCCCC(=O)NCC(C)O,MMBILEWCGWTAOV-UHFFFAOYSA-N,[M+H]+,positive
challenge_449,329.0591 ,CASMI2016_Challenge-200,C16H12N2O4S,OC1=CC=C2C=CC=CC2=C1N=NC1=CC=C(C=C1)S(O)(=O)=O,RDUJRVXKAIVTDH-UHFFFAOYSA-N,[M+H]+,positive
challenge_450,361.1201 ,CASMI2016_Challenge-201,C20H21ClO4,CC(C)OC(=O)C(C)(C)Oc1ccc(cc1)C(=O)c1ccc(Cl)cc1,YMTINGFKWWXKFG-UHFFFAOYSA-N,[M+H]+,positive
challenge_451,282.1448 ,CASMI2016_Challenge-202,C13H19N3O4,CCC(CC)Nc1c(cc(C)c(C)c1[N+]([O-])=O)[N+]([O-])=O,CHIFOSRWCNZCFN-UHFFFAOYSA-N,[M+H]+,positive
challenge_452,384.9949 ,CASMI2016_Challenge-203,C9H22O4P2S4,CCOP(=S)(OCC)SCSP(=S)(OCC)OCC,RIZMRRKBZQXFOY-UHFFFAOYSA-N,[M+H]+,positive
challenge_453,369.1250 ,CASMI2016_Challenge-204,C21H21O4P,CC1=C(OP(=O)(OC2=C(C)C=CC=C2)OC2=C(C)C=CC=C2)C=CC=C1,YSMRWXYRXBRSND-UHFFFAOYSA-N,[M+H]+,positive
challenge_454,331.1904 ,CASMI2016_Challenge-205,C20H26O4,O=C(OC1CCCCC1)C1=CC=CC=C1C(=O)OC1CCCCC1,VOWAEIGWURALJQ-UHFFFAOYSA-N,[M+H]+,positive
challenge_455,489.0435 ,CASMI2016_Challenge-206,C21H11ClF6N2O3,FC1=CC(OC2=CC=C(C=C2Cl)C(F)(F)F)=CC=C1NC(=O)NC(=O)C1=C(F)C=CC=C1F,RYLHNOVXKPXDIP-UHFFFAOYSA-N,[M+H]+,positive
challenge_456,303.2319 ,CASMI2016_Challenge-207,C20H30O2,CC(C)C1=CC2=CC[C@@H]3[C@](C)(CCC[C@@]3(C)C(O)=O)[C@H]2CC1,RSWGJHLUYNHPMX-ONCXSQPRSA-N,[M+H]+,positive
challenge_457,496.3996 ,CASMI2016_Challenge-208,C29H53NO5,CCCCCCCCCCC[C@@H](C[C@@H]1OC(=O)[C@H]1CCCCCC)OC(=O)[C@H](CC(C)C)NC=O,AHLBNYSZXLDEJQ-FWEHEUNISA-N,[M+H]+,positive
challenge_458,480.3085 ,CASMI2014_Challenge1,C23H46NO7P,CCCCCCCC/C=C\CCCCCCCC(=O)OC[C@@H](O)COP(=O)(O)OCCN,PYVRVRFVLRNJLY-MZMPXXGTSA-N,[M+H]+,positive
challenge_459,206.0668 ,CASMI2014_Challenge2,C8H15NOS2,N=C(O)CCCCC1CCSS1,FCCDDURTIIUXBY-UHFFFAOYSA-N,[M+H]+,positive
challenge_460,195.0532 ,CASMI2014_Challenge3,C9H9NO4,O=C(O)CN=C(O)c1ccccc1O,ONJSZLXSECQROL-UHFFFAOYSA-N,[M]-,negative
challenge_461,226.0590 ,CASMI2014_Challenge4,C9H10N2O5,N[C@@H](Cc1ccc(O)c([N+](=O)[O-])c1)C(=O)O,FBTSQILOGYXGMD-LURJTMIESA-N,[M]-,negative
challenge_462,220.0848 ,CASMI2014_Challenge5,C11H12N2O3,NC(Cc1c[nH]c2ccc(O)cc12)C(=O)O,LDCYZAJDBXYCGN-UHFFFAOYSA-N,[M]-,negative
challenge_463,168.0423 ,CASMI2014_Challenge6,C8H8O4,O=C(O)Cc1ccc(O)c(O)c1,CFFZDZCDUFSOFZ-UHFFFAOYSA-N,[M]-,negative
challenge_464,385.3465 ,CASMI2014_Challenge7,C27H44O,C=C1CC[C@H](O)C/C1=C/C=C1\CCC[C@@]2(C)[C@H]1CC[C@@H]2[C@H](C)CCCC(C)C,QYSXJUFSXHHAJI-YRZJJWOYSA-N,[M+H]+,positive
challenge_465,343.1235 ,CASMI2014_Challenge8,C12H22O11,OC[C@H]1O[C@H](O[C@]2(CO)O[C@H](CO)[C@@H](O)[C@@H]2O)[C@H](O)[C@@H](O)[C@@H]1O,CZMRCDWAGMRECN-UGDNZRGBSA-N,[M+H]+,positive
challenge_466,308.0911 ,CASMI2014_Challenge9,C10H17N3O6S,NC(CCC(O)=NC(CS)C(O)=NCC(=O)O)C(=O)O,RWSXRVCMGQZWBV-UHFFFAOYSA-N,[M+H]+,positive
challenge_467,348.0704 ,CASMI2014_Challenge10,C10H14N5O7P,Nc1ncnc2c1ncn2[C@@H]1O[C@H](COP(=O)(O)O)[C@@H](O)[C@H]1O,UDMBCSSLTHHNCD-KQYNXXCUSA-N,[M+H]+,positive
challenge_468,181.0720 ,CASMI2014_Challenge11,C7H8N4O2,Cn1c(=O)c2nc[nH]c2n(C)c1=O,ZFXYFBGIUFBOJW-UHFFFAOYSA-N,[M+H]+,positive
challenge_469,205.1183 ,CASMI2014_Challenge12,C8H16N2O4,N[C@@H](CCCCNCC(=O)O)C(=O)O,NUXSIDPKKIEIMI-LURJTMIESA-N,[M+H]+,positive
challenge_470,352.2250 ,CASMI2014_Challenge13,C20H32O5,CCCCC[C@H](O)/C=C/[C@H]1C(=O)C[C@H](O)[C@@H]1C/C=C\CCCC(=O)O,BHMBVRSPMRCCGG-OUTUXVNYSA-N,[M]-,negative
challenge_471,224.0917 ,CASMI2014_Challenge14,C11H13NO4,CC1NC(C(=O)O)Cc2cc(O)c(O)cc21,DMJYNLHZLIZUQE-UHFFFAOYSA-N,[M+H]+,positive
challenge_472,231.1128 ,CASMI2014_Challenge15,C13H14N2O2,CC1NC(C(=O)O)Cc2c1[nH]c1ccccc21,ZUPHXNBLQCSEIA-UHFFFAOYSA-N,[M+H]+,positive
challenge_473,275.1350 ,CASMI2014_Challenge16,C10H18N4O5,N=C(N)NCCC[C@H](N=C(O)CCC(=O)O)C(=O)O,UMOXFSXIFQOWTD-LURJTMIESA-N,[M+H]+,positive
challenge_474,251.0307 ,CASMI2014_Challenge17,C11H10N2OS2,CSC1=NC[C@]2(S1)C(O)=Nc1ccccc12,FUHQSEOSBHASCH-LLVKDONJSA-N,[M+H]+,positive
challenge_475,253.0100 ,CASMI2014_Challenge18,C10H8N2O2S2,[O-][n+]1ccccc1SSc1cccc[n+]1[O-],ZHDBTKPXEJDTTQ-UHFFFAOYSA-N,[M+H]+,positive
challenge_476,366.1911 ,CASMI2014_Challenge19,C19H27NO6,C/C=C1\C[C@@H](C)[C@@](C)(O)C(=O)OC/C2=C/CN(C)CCC(OC1=O)C2=O,HPDHKHMHQGCNPE-PYWIAZMFSA-N,[M+H]+,positive
challenge_477,335.0925 ,CASMI2014_Challenge20,C20H16O5,CC1(C)C=Cc2c(ccc3cc(-c4ccc(O)cc4O)c(=O)oc23)O1,VFIXONREXXFDQV-UHFFFAOYSA-N,[M-H]-,negative
challenge_478,314.1387 ,CASMI2014_Challenge21,C18H19NO4,COc1ccc2c(c1O)[C@]13CCN(C)[C@](O)(C1)C(=O)C=C3C=C2,KDYWOWVAVXEYRU-MSOLQXFVSA-N,[M+H]+,positive
challenge_479,285.0757 ,CASMI2014_Challenge22,C16H12O5,Oc1ccc2c(c1)OC[C@H]1c3cc4c(cc3O[C@@H]21)OCO4,HUKSJTUUSUGIDC-ZBEGNZNMSA-N,[M+H]+,positive
challenge_480,266.0983 ,CASMI2014_Challenge23,C8H15N3O7,CN(N=O)C(O)=N[C@H]1[C@@H](O)O[C@H](CO)[C@@H](O)[C@@H]1O,ZSJLQEPLLKMAKR-GKHCUFPYSA-N,[M+H]+,positive
challenge_481,478.3235 ,CASMI2014_Challenge24,C21H43N5O7,CNC(C)C1CCC(N)C(OC2C(N)CC(N)C(OC3OCC(C)(O)C(NC)C3O)C2O)O1,CEAZRRDELHUEMR-UHFFFAOYSA-N,[M+H]+,positive
challenge_482,481.1704 ,CASMI2014_Challenge26,C23H28O11,C[C@@]12C[C@@]3(O)O[C@@H](O1)[C@]1(COC(=O)c4ccccc4)[C@H]3C[C@]21O[C@@H]1O[C@H](CO)[C@@H](O)[C@H](O)[C@H]1O,YKRGDOXKVOZESV-WRJNSLSBSA-N,[M+H]+,positive
challenge_483,351.2166 ,CASMI2014_Challenge27,C20H30O5,C=C1CC[C@H]2[C@@](C)(CC[C@@H](O)[C@@]2(C)CO)[C@@H]1C/C=C1/C(=O)OC[C@H]1O,BOJKULTULYSRAS-OTESTREVSA-N,[M+H]+,positive
challenge_484,369.1344 ,CASMI2014_Challenge28,C21H22O6,COc1cc(O)c(CC=C(C)C)c2c1C(=O)C(O)C(c1ccc(O)cc1)O2,CTUJEHJOZXGIIE-UHFFFAOYSA-N,[M-H]-,negative
challenge_485,372.1361 ,CASMI2014_Challenge29,C21H22ClNO3,C[N+]1(C)[C@H]2Cc3cc4c(cc3[C@@H]1Cc1cc3c(cc12)COC3)OCO4.[Cl-],GLCGPUDWOPXBAY-HLRBRJAUSA-M,[M+H]+,positive
challenge_486,473.3625 ,CASMI2014_Challenge30,C30H48O4,C[C@@H]1C2C3=CCC4[C@@]5(C)C[C@@H](O)[C@@H](O)C(C)(C)C5CC[C@@]4(C)[C@]3(C)CC[C@@]2(C(=O)O)CC[C@H]1C,HFGSQOYIOKBQOW-FCPFUEDDSA-N,[M+H]+,positive
challenge_487,302.0779 ,CASMI2014_Challenge31,C16H13O6+,COc1cc(-c2[o+]c3cc(O)cc(O)c3cc2O)ccc1O,XFDQJKDGGOEYPI-UHFFFAOYSA-O,[M+H]+,positive
challenge_488,207.1380 ,CASMI2014_Challenge32,C13H18O2,CC(C)Cc1ccc(C(C)C(=O)O)cc1,HEFNNWSXXWATRW-UHFFFAOYSA-N,[M+H]+,positive
challenge_489,382.0832 ,CASMI2014_Challenge33,C17H14F3N3O2S,Cc1ccc(-c2cc(C(F)(F)F)nn2-c2ccc(S(N)(=O)=O)cc2)cc1,RZEKVGVHFLEQIL-UHFFFAOYSA-N,[M+H]+,positive
challenge_490,394.1761 ,CASMI2014_Challenge34,C22H23N3O4,C#Cc1cccc(Nc2ncnc3cc(OCCOC)c(OCCOC)cc23)c1,AAKJLRGGTJKAMG-UHFFFAOYSA-N,[M+H]+,positive
challenge_491,209.0455 ,CASMI2014_Challenge35,C10H10O5,O=C(O)C(Cc1ccc(O)cc1)C(=O)O,JXJNPXPDKYRHJT-UHFFFAOYSA-N,[M-H]-,negative
challenge_492,210.0791 ,CASMI2014_Challenge36,C9H12N3OP,N#CCCP(=O)(CCC#N)CCC#N,ILFYYSUCZQEGOL-UHFFFAOYSA-N,[M+H]+,positive
challenge_493,305.0818 ,CASMI2014_Challenge37,C13H18Cl2N2O2,N[C@@H](Cc1ccc(N(CCCl)CCCl)cc1)C(=O)O,SGDBTWWWUNNDEQ-LBPRGKRZSA-N,[M+H]+,positive
challenge_494,426.2428 ,CASMI2014_Challenge38,C29H31NO2,COc1ccc2c(c1)CCC(c1ccccc1)=C2c1ccc(OCCN2CCCC2)cc1,JEYWNNAZDLFBFF-UHFFFAOYSA-N,[M+H]+,positive
challenge_495,357.1454 ,CASMI2014_Challenge39,C20H24N2S2,CSc1ccc2c(c1)C(N1CCN(C)CC1)Cc1ccccc1S2,RLJFTICUTYVZDG-UHFFFAOYSA-N,[M+H]+,positive
challenge_496,228.1150 ,CASMI2014_Challenge40,C15H16O2,CC(C)(c1ccc(O)cc1)c1ccc(O)cc1,IISBACLAFKSPIT-UHFFFAOYSA-N,[M]-,negative
challenge_497,523.0903 ,CASMI2014_Challenge41,C31H23BrO3,O=c1oc2ccccc2c(O)c1C1CC(c2ccc(-c3ccc(Br)cc3)cc2)Cc2ccccc21,VEUZZDOCACZPRY-UHFFFAOYSA-N,[M+H]+,positive
challenge_498,309.1598 ,CASMI2014_Challenge42,C19H20N2O2,CCCCC1C(=O)N(c2ccccc2)N(c2ccccc2)C1=O,VYMDGNCVAMGZFE-UHFFFAOYSA-N,[M+H]+,positive
