,Challenge,True Inchikey2D,SIRIUS Ranking,MSFinder Ranking,DeepMASS Ranking,DeepMASS Ranking (Public),MetFrag Ranking,CFM-ID Ranking,SMILES
0,challenge_0,ZUDBDCBPZHGAEL,inf,5.0,2.0,2.0,4.0,3.0,CC12CC(CC(C1CCC34C2CCC(C3)C(=C)C4O)C(=O)O)OC5C(C(C(C(O5)CO)O)O)O
1,challenge_1,ZKCHQVRAXCCTLE,inf,inf,inf,inf,inf,inf,CC1(C2CCC3(C(C2(CCC1OC4C(C(C(CO4)OC5C(C(C(C(O5)CO)O)O)O)O)OC6C(C(C(C(O6)CO)O)O)O)C)CC=C7C3(CCC8(C7CC(CC8)(C)O)C(=O)O)C)C)C
2,challenge_2,UYALDZZEAZIEME,2.0,2.0,2.0,2.0,2.0,1.0,CC1C(C(C(C(O1)OC2=C(OC3=C(C(=CC(=C3C2=O)O)O)CC=C(C)C)C4=CC=C(C=C4)OC)O)OC5C(C(C(C(O5)CO)O)O)O)OC(=O)C
3,challenge_3,IFQVIMQHTPDZQU,inf,inf,inf,inf,inf,inf,CC(C)CC(C(=O)O)NC(=O)C(C(C)C)OC(=O)C(C(C)C)NC(=O)C(CC(C)C)O
4,challenge_4,XPXRFYSHQGUVFK,41.0,2.0,1.0,1.0,8.0,62.0,CC1CC2(C(C1O)C=C(C(CC3C(C3(C)C)C=C(C2=O)C)OC(=O)CCC(=O)O)C)OC(=O)C
5,challenge_5,XPCKJVBBSBPFQL,1.0,,4.0,4.0,1.0,2.0,CC1C(C(C(C(O1)OC2C(OC(C(C2O)O)OCC3C(C(C(C(O3)OC(=O)C45CCC(=C)CC4C6=CCC7C8(CCC(C(C8CCC7(C6(CC5)C)C)(C)C)OC9C(C(C(CO9)O)O)O)C)O)O)O)COC(=O)C)O)O)O
6,challenge_6,LYKXPTCUGPKDQL,9.0,inf,6.0,11.0,16.0,16.0,CC1C(C(C(C(O1)OC2C(C(C(OC2OC3=CC(=CC4=C3C(=O)C=C(O4)C5=CC=C(C=C5)O)O)CO)O)O)O)O)O
7,challenge_7,RZCUHAHZISRSJD,11.0,inf,4.0,2.0,3.0,1.0,CCCCCCCCCC(=O)OC(C(C(C)C)OC(=O)C(C)C)C(=O)O
8,challenge_8,WKEMJKQOLOHJLZ,1.0,1.0,1.0,1.0,1.0,1.0,CN(C)CCC1=CNC2=C1C=C(C=C2)CS(=O)(=O)N3CCCC3
9,challenge_9,YBSJFWOBGCMAKL,1.0,1.0,1.0,1.0,1.0,1.0,CN1C2=C(C=C(C=C2)C(=O)N(CCC(=O)O)C3=CC=CC=N3)N=C1CNC4=CC=C(C=C4)C(=N)N
10,challenge_10,MJNIWUJSIGSWKK,1.0,2.0,1.0,1.0,2.0,1.0,CCCC(=O)OCC(C(C(CN1C2=C(C=C(C(=C2)C)C)N=C3C1=NC(=O)NC3=O)OC(=O)CCC)OC(=O)CCC)OC(=O)CCC
11,challenge_11,SIVYRLBDAPKADZ,inf,4.0,6.0,1.0,5.0,5.0,CC1=CC=C(C2=CC=CC=C12)C(=O)O
12,challenge_12,FTUCJLKRCLNNPB,inf,inf,26.0,25.0,20.0,20.0,CC1CC(OC2(C1C3(CCC45CC46CCC(C(C6CC=C5C3(C2O)C)(C)C)OC7C(C(C(CO7)O)O)O)C)O)C(C(C)(C)O)OC(=O)C
13,challenge_13,WNRDHIDWADTLIO,inf,9.0,2.0,2.0,44.0,9.0,CC1(CCC2(CCC3(C(=CCC4C3(CCC5C4(CC(C(C5(C)C)O)O)C)C)C2C1)C)C(=O)OC6C(C(C(C(O6)CO)O)O)O)C
14,challenge_14,FYGSMJAMPMZYFS,4.0,inf,6.0,7.0,31.0,26.0,CC1CCC2(CCC3(C(=CCC4C3(CCC5C4(CC(C(C5(C)C(=O)O)O)O)C)C)C2C1(C)O)C)C(=O)O
15,challenge_15,QMMMQWRPZIJGPT,27.0,5.0,63.0,71.0,3.0,19.0,CCC1(C(=O)C=CC2=C1OC(=C(C2=O)C)C)C
16,challenge_16,SFLNQLHULUYBES,inf,4.0,1.0,1.0,4.0,4.0,CC1(CCC2C3(CCCC(C3CC(C2(C1)O)O)(C)C(=O)O)C)C(COC4C(C(C(C(O4)CO)O)O)O)O
17,challenge_17,BQIUFGZODBARSL,inf,inf,1.0,1.0,inf,inf,CCCCCC(CC(CC(=O)OC(CCCCC)CC(CC(=O)OC(CCCCC)CC(CC(=O)O)OC1C(C(C(C(O1)CO)O)O)O)OC2C(C(C(C(O2)CO)O)O)O)O)O
18,challenge_18,CGWRDLSMEFSEDN,4.0,inf,12.0,14.0,5.0,12.0,COC1=CC(=C(C=C1)CCC(=O)O)O
19,challenge_19,SRPODRMTMBGGLK,inf,inf,inf,inf,inf,inf,CC1C(C(C(C(O1)OC2=C(OC3=C(C(=CC(=C3C2=O)O)O)CC(C(=C)C)O)C4=CC=C(C=C4)OC)O)O)O
20,challenge_20,VCSUYXUJFRFUEL,10.0,9.0,4.0,10.0,2.0,2.0,CC1=C(C=C(C=C1)C2(C3=CC=CC=C3C(=O)O2)C4=CC(=C(C=C4)C)O)O
21,challenge_21,YDBLKRPLXZNVNB,1.0,1.0,1.0,1.0,1.0,1.0,CC1=C(C=CC(=C1)SCC2=C(N=C(S2)C3=CC=C(C=C3)C(F)(F)F)C)OCC(=O)O
22,challenge_22,MJEXYQIZUOHDGY,1.0,6.0,2.0,1.0,1.0,2.0,CCCC1=NN(C2=C1N=C(NC2=O)C3=C(C=CC(=C3)S(=O)(=O)N4CCN(CC4)CC)OCC)C
23,challenge_23,MWRVRCAFWBBXTL,4.0,8.0,5.0,5.0,2.0,5.0,C1=CC(=C(C=C1O)C(=O)O)C(=O)O
24,challenge_24,FMERKDCSVVHBLX,inf,,inf,inf,inf,inf,CC1(C2CCC3(C(C2(CCC1OC4C(C(C(CO4)OC5C(C(C(C(O5)CO)O)O)O)O)OC6C(C(C(C(O6)CO)O)O)O)C)CC=C7C3(CCC8(C7CC(CC8)(C)O)C(=O)OC9C(C(C(C(O9)CO)O)O)O)C)C)C
25,challenge_25,ZYRLCOGVOHEKBK,inf,inf,inf,inf,inf,inf,CC(C)NC(=O)CCC1=CC=CC=C1
26,challenge_26,CNWZWVFEXLYSBT,6.0,1.0,7.0,4.0,7.0,4.0,CC1CC(OC(=O)C1C2(CCC34CC35CCC(C(C5CCC4C2(C)C(=O)O)(C)C)OC6C(C(C(CO6)O)O)O)C)C(C(C)(C)O)OC(=O)C
27,challenge_27,UDWINLZYCCTMBM,2.0,3.0,2.0,10.0,13.0,1.0,CC1C(C(OC1C2=CC3=C(C=C2)OCO3)C4=CC(=C(C=C4)OC(C)C(C5=CC(=C(C=C5)OC)O)O)OC)C
28,challenge_28,DXKIYFYDJGEVJY,1.0,,1.0,1.0,1.0,1.0,CCCCCC(CC(CC(=O)OC(CCCCC)CC(CC(=O)OC(CCCCC)CC(CC(=O)OC(CCCCC)CC(CC(=O)O)OC1C(C(C(C(O1)CO)O)O)O)OC2C(C(C(C(O2)CO)O)O)O)O)O)OC3C(C(C(C(O3)CO)O)O)O
29,challenge_29,BRDVWIOUHLWIGN,1.0,2.0,1.0,1.0,2.0,1.0,CC1C(C(C(C(O1)OCC2C(C(C(C(O2)OC3=CC(=C4C(=O)CC(OC4=C3)C5=CC=C(C=C5)O)O)OC6C(C(C(C(O6)C)O)O)O)O)O)O)O)O
30,challenge_30,LIIDAMUJPFBXAR,inf,inf,inf,inf,inf,inf,COC1=CC(=CC(=C1O)C2C(C(C(C(O2)CO)O)O)O)CC3COC(=O)C3(CC4=CC(=C(C=C4)O)OC)O
31,challenge_31,OIUPBOONLQPLQI,inf,inf,14.0,8.0,27.0,12.0,CCCCCC1C(=C(C(=O)O1)C)C(=O)O
32,challenge_32,YVJQQTNULQIMBG,inf,inf,inf,inf,inf,inf,CC(CCCC(=CCO)C)C(=O)O
33,challenge_33,NEYKRKVLEWKOBI,2.0,2.0,1.0,1.0,2.0,2.0,CCCC1=NN(C2=C1N=C(NC2=O)C3=C(C=CC(=C3)S(=O)(=O)N4CCN(CC4)CCO)OCC)C
34,challenge_34,SWZDQOUHBYYPJD,inf,1.0,1.0,2.0,2.0,1.0,CCCCCCCCCCCCN(CCCCCCCCCCCC)CCCCCCCCCCCC
35,challenge_35,OPIFSICVWOWJMJ,1.0,1.0,1.0,1.0,1.0,1.0,C1=CC(=C(C2=C1NC=C2OC3C(C(C(C(O3)CO)O)O)O)Cl)Br
36,challenge_36,ZZUQWNYNSKJLPI,1.0,1.0,1.0,1.0,1.0,1.0,C1=CC=C2C(=C1)N=C(S2)SCC(=O)O
37,challenge_37,KGBKYZFFQHZKLE,75.0,inf,49.0,43.0,11.0,39.0,CCCC(C1=C(OC(=O)C=C1)CO)O
38,challenge_38,UKWNFIJQRGRIDQ,inf,inf,inf,inf,inf,inf,CC=C(C)CC(C)C1C(C(C(C(=O)O1)(C)O)O)C
39,challenge_39,WICIOAMNFCXLEV,3.0,inf,27.0,27.0,25.0,12.0,CC1CCC2(CCC3(C(=CCC4C3(CCC5C4(CCC(C5(C)C)OC6C(C(C(CO6)O)O)OC7C(C(C(C(O7)CO)O)O)O)C)C)C2C1(C)O)C)C(=O)OC8C(C(C(C(O8)CO)O)O)O
40,challenge_40,ODEUPBSFCFNAST,34.0,inf,335.0,248.0,61.0,471.0,CC1=C(CC2(C13CCC(C3CC2)(C)O)C)C(=O)O
41,challenge_41,WYOIVALENVXRJQ,inf,inf,inf,inf,inf,inf,CCCC1=C(C=CC(=O)O1)C(CO)O
42,challenge_42,NRLCQITWKJENAT,inf,inf,61.0,29.0,56.0,22.0,CC=C(C)C1=CC(=C(C(=O)O1)C)OC
43,challenge_43,OQQOYQUBUVPAAU,inf,10.0,20.0,10.0,33.0,4.0,CC1CCC2(CCC3(C(=CCC4C3(CCC5C4(CCC(C5(C)CO)OC6C(C(C(CO6)O)O)O)C)C)C2C1(C)O)C)C(=O)OC7C(C(C(C(O7)CO)O)O)O
44,challenge_44,HAVCNTVVRPOVNT,inf,inf,1.0,1.0,inf,inf,CC1C(C(C(C(O1)OC2=C(OC3=C(C2=O)C(=CC(=C3CC=C(C)C)OC4C(C(C(C(O4)CO)O)O)O)O)C5=CC=C(C=C5)OC)OC(C(C(=O)OC)O)OC(C)C(=O)O)O)O
45,challenge_45,UFUCTYSVQPEEFA,41.0,inf,70.0,66.0,40.0,193.0,CC1(C2C1C=C(CCC(C(=C)CC2)O)C(=O)O)C
46,challenge_46,WOPHEEXRJKUYKQ,inf,inf,inf,inf,inf,inf,CC1C=CC2CCCCC2C1C3=CC(=C(C(=O)O3)C=O)NC(C)C(=O)O
47,challenge_47,JMZOMFYRADAWOG,2.0,inf,20.0,4.0,23.0,23.0,COC1=C2C(=C(C(=C1)C(=O)OC)C3=C4C(=C(C=C3C(=O)OC)OC)OCO4)OCO2
48,challenge_48,FJDDSMSDZHURBJ,1.0,2.0,1.0,1.0,2.0,2.0,CC(=O)NCCC1=C(NC2=C1C=C(C=C2)OC)I
49,challenge_49,ONJQDTZCDSESIW,1.0,1.0,1.0,1.0,1.0,1.0,CCCCCCCCCCCCOCCOCCOCCOCCOCCOCCOCCOCCOCCO
50,challenge_50,ZZQHGKMTMAORFI,1.0,1.0,1.0,1.0,1.0,1.0,CN1C2=C(N=C1NCCCOC)N(C(=O)N(C2=O)C)C
51,challenge_51,UFFRBCKYXMEITK,2.0,6.0,17.0,18.0,9.0,16.0,COC1=CC(=CC(=C1OC2C(C(C(C(O2)CO)O)O)O)C(CC3=CC(=C(C=C3)O)OC)CO)C=CCO
52,challenge_52,XBQGYUHHNKDVKX,inf,,5.0,5.0,4.0,8.0,CC1C(C(C(C(O1)OCC2C(C(C(C(O2)OCC(=CCC(C(=CCCC(=CCCC(C)(C=C)OC3C(C(C(C(O3)CO)O)O)OC4C(C(C(C(O4)CO)O)O)O)C)C)O)C)O)O)OC5C(C(C(C(O5)C)O)O)O)O)O)O
53,challenge_53,CIGSWLXZMSXAAE,30.0,inf,8.0,20.0,22.0,41.0,CC1C(=C)OC(=O)C2=C1C(=C(C=C2O)OC)C
54,challenge_54,NLVMTSRTOGOFQD,4.0,inf,45.0,83.0,99.0,9.0,CC1CCC2(C(C1(C)CCC(=CC(=O)O)C)CCC=C2C)C
55,challenge_55,TXEFUSAHPIYZHD,7.0,5.0,4.0,6.0,4.0,9.0,COC1=CC2=NC=CC3=C2N(C1=O)C4=CC=CC=C34
56,challenge_56,ZRAPVLSWOKTYNU,1.0,2.0,1.0,4.0,1.0,1.0,CCC(C(CC=CCC=CCCCC(=O)N)O)O
57,challenge_57,FVINVHIYNUTXPB,9.0,3.0,8.0,12.0,5.0,1.0,CC(=CCC1(C2=C(C=C(C=C2)O)NC1=O)C(C)(C)C=C)C
58,challenge_58,JJXLDNFRQCESGZ,inf,inf,inf,inf,inf,inf,CC1CCC=C2C1(CC(C(C2O)O)C(=C)C(=O)O)C
59,challenge_59,OAHIHSADYZLDCR,inf,inf,429.0,471.0,4.0,3.0,CC1(CC2C=C(C3(CC3(C2C1)C)C(=O)O)C(=O)O)C
60,challenge_60,YQOVRUAPWCGSLC,2.0,inf,2.0,8.0,22.0,2.0,C1=CC(=CC=C1CC2=CC(=C(C=C2)O)CC3=CC=C(C=C3)O)O
61,challenge_61,BSOLVVCARHZLMT,1.0,inf,1.0,1.0,1.0,1.0,C(C(C(C(C(F)F)(F)F)(F)F)(F)F)OP(=O)(OCC(C(C(C(F)F)(F)F)(F)F)(F)F)OCC(C(C(C(F)F)(F)F)(F)F)(F)F
62,challenge_62,BQYIXOPJPLGCRZ,1.0,3.0,1.0,1.0,2.0,2.0,CC1=NC=C(C(=C1O)C=NNC(=O)C2=CC=NC=C2)CO
63,challenge_63,OSFCMRGOZNQUSW,1.0,1.0,1.0,1.0,1.0,2.0,COC1=CC=CC2=C1NC3=C(C2=O)C=CC=C3C(=O)NC4=CC=C(C=C4)CCN5CCC6=CC(=C(C=C6C5)OC)OC
64,challenge_64,FBMYKMYQHCBIGU,inf,1.0,1.0,1.0,1.0,1.0,CC(C)(CC1=CNC2=CC=CC=C21)NCC(COC3=CC=CC=C3C#N)O
65,challenge_65,QFIZHIXXEOCVCR,inf,inf,inf,inf,inf,inf,CC1CC(C2C(C(C3(C2(C1C(OC3)O)O)C)O)(C)C)OC(=O)C
66,challenge_66,IHDNCMDRDAONNT,260.0,1.0,226.0,226.0,1.0,64.0,CC1=CC(C(C1=O)C=C(C)CCC=C2CCC(OC2=O)C(C)(C)O)O
67,challenge_67,WBDDWIKJZNNKBQ,15.0,inf,22.0,26.0,21.0,12.0,CC1CCC2(CCC3(C(=CCC4C3(CCC5C4(CCC(C5(C)C)OC6C(C(C(CO6)O)O)OC7C(C(C(C(O7)CO)O)O)O)C)C)C2C1(C)O)C)C(=O)O
68,challenge_68,AGBBJVFSJVBRRY,1.0,1.0,1.0,1.0,1.0,1.0,CC(=O)NC(CSCC(=O)C12CC(CC1C=C(C2CC(=O)O)C(=O)O)(C)C)C(=O)O
69,challenge_69,JCOCIXAHAFALHI,inf,6.0,2.0,2.0,4.0,6.0,C(CCCC(C(CCCC(=O)O)O)O)CCCC(=O)O
70,challenge_70,JPFNJNIYHKVTDX,22.0,inf,48.0,10.0,17.0,14.0,CC(=CCC=C(C)C(CO)OC1C(C(C(C(O1)CO)O)O)O)C
71,challenge_71,MXZVBPOYCKIXHN,2.0,4.0,2.0,2.0,3.0,11.0,CC1(C2CC(=O)C3(C(C2(C=CC(=O)O1)C)CCC(C34C(O4)C(=O)O)(C)C(C5=COC=C5)OC6C(C(C(C(O6)CO)O)O)O)C)C
72,challenge_72,FSQYXTHPPSJGNG,10.0,inf,28.0,39.0,9.0,1.0,CC(C)C(=O)OCC1CC23CCC4C(C2CCC1C3)(CCCC4(CO)C(=O)O)C
73,challenge_73,NCJFEURQKCATER,5.0,inf,90.0,93.0,7.0,60.0,CC1=C(C(CCC1=O)(C)C)C(=O)O
74,challenge_74,ZMFBGWWGXBNJAC,4.0,inf,139.0,28.0,153.0,64.0,COC1=C(C=CC(=C1)C2=COC3=CC(=CC(=C3C2=O)O)O)O
75,challenge_75,OUCSEDFVYPBLLF,1.0,1.0,1.0,1.0,1.0,1.0,CC(C)C1=C(C(=C(N1CCC2CC(CC(=O)O2)O)C3=CC=C(C=C3)F)C4=CC=CC=C4)C(=O)NC5=CC=CC=C5
76,challenge_76,HIYAQBUTHPUUSV,3.0,3.0,2.0,1.0,1.0,1.0,CC(C)(C)C1=CC=C(C=C1)C(=O)N(C)C2=CC=CC=C2
77,challenge_77,LVASCWIMLIKXLA,2.0,3.0,2.0,2.0,2.0,1.0,C1CC(C(NC1)CC(=O)CN2C=NC3=CC(=C(C=C3C2=O)Cl)Br)O
78,challenge_78,GGGDNPWHMNJRFN,1.0,2.0,1.0,1.0,2.0,2.0,CC(=O)NC1=C(C(=C(C(=C1I)C(=O)O)I)N(C)C(=O)C)I
79,challenge_79,XPIZBBYHXMPNEG,7.0,6.0,3.0,1.0,1.0,1.0,CC1=C(C(=C(C(=C1O)C(=O)CC(C)C)OC2C(C(C(C(O2)CO)O)O)O)C)O
80,challenge_80,MRPDHXXPDCVBPQ,3.0,inf,9.0,13.0,10.0,6.0,CC1CC(CC(C1(C=CC(C)OC2C(C(C(C(O2)CO)O)O)O)O)(C)C)O
81,challenge_81,MSTIUVOQDAVXIA,2.0,inf,21.0,18.0,3.0,44.0,COC1=C(C=C(C=C1)C2=C(C(=O)C3=C(O2)C(=C(C(=C3OC)OC)OC)OC)OC4C(C(C(C(O4)CO)O)O)O)OC
82,challenge_82,UTHVFIKQCUKKQW,inf,6.0,4.0,4.0,6.0,2.0,C1C(C=CC(=CC#N)C1OC2C(C(C(C(O2)CO)O)O)O)O
83,challenge_83,HZKJZYRLLBKBHA,2.0,inf,5.0,16.0,11.0,50.0,CC1CCC2(CCC3(C(=CCC4C3(CCC5C4(CC(C(C5(C)C)O)O)C)C)C2C1C)C)C(=O)OC6C(C(C(C(O6)CO)O)O)O
84,challenge_84,DFPWLQCOSHYAIG,6.0,2.0,5.0,5.0,4.0,3.0,CC1=CC(=C(C2=C1C(=O)OC3=C(O2)C(=C4C(OC(=O)C4=C3C)O)O)CO)O
85,challenge_85,FHYQIQMSODIFCP,9.0,inf,1.0,3.0,26.0,46.0,COC1=CC(=CC2=C1OC(C2CO)C3=CC(=C(C=C3)O)OC)C=CC(=O)O
86,challenge_86,GQXZUABNLSWQJA,1.0,inf,3.0,1.0,17.0,24.0,CC1=CC(=CC(=C1C(=O)C)O)O
87,challenge_87,JWBZQRMMZRWOSE,inf,inf,18.0,34.0,433.0,352.0,CC=C(C)CCC=C(CCC=C(C)C)C(=O)O
88,challenge_88,YXAGJAFSQKHJEB,inf,inf,30.0,39.0,26.0,47.0,CC(C)C(=O)OCC1CC23CCC4C(C2CCC1C3)(CCCC4(COC(=O)C)C(=O)O)C
89,challenge_89,DEIGXXQKDWULML,inf,1.0,2.0,1.0,1.0,1.0,C1CC(C(CCC(C(CCC(C1Br)Br)Br)Br)Br)Br
90,challenge_90,WHIVNJATOVLWBW,2.0,8.0,14.0,11.0,2.0,2.0,CCC(=NO)C
91,challenge_91,LJVAJPDWBABPEJ,1.0,1.0,1.0,1.0,1.0,1.0,CCC1C2(C(C(C(=O)C(CC(C(C(C(=O)C(C(=O)O1)C)C)OC3C(C(CC(O3)C)N(C)C)O)(C)OC)C)C)N(C(=O)O2)CCCCN4C=C(N=C4)C5=CN=CC=C5)C
92,challenge_92,WOSKHXYHFSIKNG,1.0,1.0,1.0,1.0,1.0,1.0,COC1=CC2=NC=CC(=C2C=C1C(=O)N)OC3=CC(=C(C=C3)NC(=O)NC4CC4)Cl
93,challenge_93,LIGHTUNOZWZMMP,inf,inf,inf,inf,inf,inf,C1=CC(=CC=C1CO)OC2C(C(C(C(O2)COC(=O)C3=CC=C(C=C3)O)O)O)O
94,challenge_94,YPULLITUOWRRPG,20.0,3.0,5.0,3.0,2.0,2.0,CC(C)(C1CC2=C(O1)C=CC3=C2OC(=O)C=C3)OC(=O)C=CC4=CC=C(C=C4)O
95,challenge_95,MBBOPONQLZPJRT,1.0,1.0,1.0,1.0,1.0,1.0,CCCCCC=CCC=CCCCCCCCC(=O)OCC(COCCC(C(=O)[O-])[N+](C)(C)C)O
96,challenge_96,MMMZDSQYAMMVEG,inf,1.0,1.0,1.0,1.0,1.0,COC1=CC(=CC(=C1)O)CC(CC(C(Cl)Cl)O)O
97,challenge_97,KKUZEALMRZIWAJ,inf,inf,inf,inf,inf,inf,CC12CCC3C(C1OCC2)C(=O)CC4C3(CCCC4(C)C(=O)O)C
98,challenge_98,UIDKGJWCHCMTEG,inf,inf,inf,inf,inf,inf,CC(=CCCC(=CCCC(=CC(=O)O)C)C(=O)O)C
99,challenge_99,FNHDSKHVYPYDAZ,28.0,inf,38.0,36.0,12.0,40.0,CC(CCC(C(C)(C)O)O)C1CCC2(C1(CCC3=C2CCC4C3(CC(C(=O)C4(C)C)OC(=O)CC(C)(CC(=O)O)O)C)C)C
100,challenge_100,ZPUVNNIJVVEZBH,1.0,3.0,1.0,1.0,1.0,1.0,C1C2=C(C(=C3C(=C2)C=CC=C3OC4C(C(C(C(O4)COC(=O)C=CC5=CC=C(C=C5)O)O)O)O)O)C(=O)O1
101,challenge_101,AEFDYPFFZOCXNS,2.0,3.0,2.0,2.0,1.0,1.0,CC=C1C(=O)N(C(C(=O)N1)CC2=CC(=C(C(=C2)Cl)O)Cl)C
102,challenge_102,MXADFNHTWMJYES,28.0,inf,2.0,10.0,16.0,7.0,COC1=CC(=CC2=C1OC(C2CO)C3=CC(=C(C(=C3)OC)O)OC)C=CC(=O)O
103,challenge_103,DVVGIUUJYPYENY,8.0,8.0,10.0,11.0,3.0,11.0,CN1C=CC=CC1=O
104,challenge_104,WHBIGIKBNXZKFE,1.0,1.0,1.0,1.0,1.0,1.0,CC(C)NC1=C(N=CC=C1)N2CCN(CC2)C(=O)C3=CC4=C(N3)C=CC(=C4)NS(=O)(=O)C
105,challenge_105,BWZJBXAPRCVCKQ,1.0,1.0,1.0,1.0,1.0,1.0,C1CCN(C1)C2CCN(CC2)C(=O)C3=CC=C(C=C3)NC4=NC=CC(=N4)C5=CC6=CC=CC=C6S5
106,challenge_106,GXXXVFMBJGIYPK,1.0,1.0,2.0,1.0,3.0,3.0,CC1C(CC2C1C(OC=C2C(=O)OC)OC3C(C(C(C(O3)CO)O)O)O)OC(=O)C4=COC(C(C4CC=O)C=C)OC5C(C(C(C(O5)CO)O)O)O
107,challenge_107,PPLHEXYBZJOGTR,19.0,inf,9.0,15.0,10.0,12.0,C1C(C(C(O1)OCC2C(C(C(C(O2)OCC3=CC4=C(C=C3)OCO4)O)O)O)O)(CO)O
108,challenge_108,XMXNEUOHSHGXTJ,3.0,3.0,2.0,2.0,2.0,1.0,CC(C)(C=C)N1C=C(C2=CC=CC=C21)CC3C(=O)NC(C(=O)N3)CC4=CNC5=CC=CC=C54
109,challenge_109,YBNGMZMKEPSDPI,inf,inf,inf,inf,inf,inf,CC1(C2CC(C1(CC2OC3C(C(C(C(O3)CO)O)O)O)C)O)C
110,challenge_110,YSFNIMJWUPAQKC,16.0,inf,7.0,4.0,23.0,2.0,CC1(CCC2(CCC3(C(=CCC4C3(CCC5C4(CCC(C5(C)CO)OC6C(C(C(CO6)O)O)O)C)C)C2C1)C)C(=O)OC7C(C(C(C(O7)CO)O)O)O)CO
111,challenge_111,UMPABASQXRRHQB,2.0,4.0,1.0,1.0,2.0,2.0,CCC1CC2CC3(C1N(C2CC(=O)C)CCC4=C3NC5=CC=CC=C45)C(=O)OC
112,challenge_112,ZNBQWPMZFPFCKS,94.0,inf,341.0,420.0,97.0,35.0,CC1=CC(=O)OC1CC=C(C)CCC=C(CCC=C(C)C)C(=O)O
113,challenge_113,CPGFYBGUXQXJMQ,1.0,2.0,1.0,1.0,3.0,2.0,CC1C(C(OC1C2=CC(=C(C=C2)OC(C)C(C3=CC(=C(C=C3)O)OC)O)OC)C4=CC(=C(C=C4)OC(C)C(C5=CC(=C(C=C5)OC)OC)O)OC)C
114,challenge_114,VUHKKYAXFCILCE,inf,2.0,6.0,9.0,18.0,21.0,CC(CC(C)O)C(CCCCCCCCCCC(=O)O)O
115,challenge_115,YDFWTYLPMZZSLA,1.0,inf,2.0,2.0,1.0,1.0,CC(CC(CC1=CC2=C(C(=CC(=C2Cl)O)O)C(=O)O1)O)O
116,challenge_116,DTVYNUOOZIKEEX,8.0,inf,15.0,30.0,4.0,8.0,C1=CC2=C(C=CN=C2)C(=C1)N
117,challenge_117,ZDTNHRWWURISAA,1.0,1.0,2.0,2.0,1.0,1.0,C1=CC=C2C(=C1)C(=O)OC23C4=C(C(=C(C=C4)O)Br)OC5=C3C=CC(=C5Br)O
118,challenge_118,PTQXTEKSNBVPQJ,1.0,1.0,1.0,1.0,1.0,1.0,CC(C)C1=C(C(=CC=C1)C(C)C)OS(=O)(=O)NC(=O)CC2=C(C=C(C=C2C(C)C)C(C)C)C(C)C
119,challenge_119,KSDSYIXRWHRPMN,2.0,inf,2.0,2.0,25.0,9.0,C1C(OC2=CC(=CC(=C2C1=O)O)O)C3=CC=C(C=C3)OC4C(C(C(C(O4)CO)O)O)O
120,challenge_120,TXSJJCSJHIDTDE,1.0,8.0,3.0,2.0,13.0,17.0,COC1=C(C=C2C(C(C(CC2=C1)CO)COC3C(C(C(CO3)O)O)O)C4=CC(=C(C=C4)O)OC)O
121,challenge_121,OFDBBWUQAHAKDG,1.0,3.0,16.0,30.0,2.0,3.0,CCC(C)C=C(C)C=CC(=O)OC1C=CC2=CC(=O)C(CC2(C1C)C)(C(=C)C(=O)O)O
122,challenge_122,RRIMLWHUVCZACL,19.0,inf,1.0,2.0,53.0,23.0,CC1CCC2(CCC3(C(=CCC4C3(CCC5C4(CCC(C5(C)C)O)C)C)C2C1(C)O)C)C(=O)OC6C(C(C(C(O6)CO)O)O)O
123,challenge_123,MOVNHXBNDSZSGK,40.0,inf,45.0,45.0,47.0,17.0,CC1C(C(C(C(O1)OC2C(C(COC2OC3CCC4(C(C3(C)C)CCC5(C4CC(C6=C7C(C8(CCC7(CCC65C)C(=O)O8)C)(C)O)O)C)C)O)OC9C(C(C(C(O9)CO)O)O)O)O)O)O
124,challenge_124,ULYZLNNPRNDNFD,1.0,3.0,1.0,1.0,4.0,5.0,CC1CC2(C(C1OC(=O)C3=CC=CC=C3)C=C(C(CC(=O)C(C=CC(C2OC(=O)C)C)(C)C)OC(=O)C4=CC=CC=C4)C)O
125,challenge_125,CDJVLCFAYOIREA,inf,inf,inf,inf,inf,inf,CC1C(C(C(C(O1)OC2C(C(OC(C2O)OC3C(CC4(C(C3(C)CO)CCC5(C4CC=C6C5(CCC7(C6CC(=C)CC7)C(=O)OC8C(C(C(C(O8)CO)O)O)O)C)C)C)O)C(=O)O)O)O)O)O
126,challenge_126,NLMAGFGYJVPKJJ,inf,inf,inf,inf,inf,inf,CC(CCC=C(CCC=C(C)C)C(=O)O)C(=O)O
127,challenge_127,ONSPHUIOGAJFGD,inf,inf,inf,inf,inf,inf,CC1=CC(=C(C(=C1C(=O)OC)OC2=C(C(=CC(=C2C)OC)C(=O)O)O)C=O)O
128,challenge_128,YWRZZQBSAZIBEQ,inf,,1.0,2.0,3.0,2.0,CC=C(C)C(=O)OC1C(OC(C(C1OC(=O)C(=CC)C)O)OC2C(C3(C(CC2(C)C)C4=CCC5C6(CCC(C(C6CCC5(C4(CC3O)C)C)(C)CO)OC7C(C(C(C(O7)C(=O)O)O)O)OC8C(C(C(C(O8)CO)O)O)O)C)CO)OC(=O)C)C
129,challenge_129,AYRRNFHDJUXLEQ,1.0,5.0,1.0,1.0,1.0,1.0,C1=CC=C(C=C1)OP(=O)(N)N
130,challenge_130,NLEBIOOXCVAHBD,1.0,1.0,1.0,1.0,1.0,1.0,CCCCCCCCCCCCOC1C(C(C(C(O1)CO)OC2C(C(C(C(O2)CO)O)O)O)O)O
131,challenge_131,LAMRTXHVEXWMOH,1.0,1.0,2.0,2.0,1.0,1.0,CC(=CCCC(C)(C=C)OC1C(C(C(C(O1)CO)O)O)OC2C(C(C(C(O2)CO)O)O)O)CCC=C(C)CC(C=C(C)C(=O)OC)O
132,challenge_132,NBEYAEFZGDUVGW,inf,2.0,53.0,51.0,1.0,85.0,CCCC(C(C=CC(=O)OC1CC2C(C2(C)C)C=C(C(=O)C3(CC(C(C3C=C1C)O)C)OC(=O)C)C)O)O
133,challenge_133,JDYWLRRIZNBKMP,7.0,5.0,2.0,5.0,1.0,1.0,CC(CC(=O)OC)(CC(=O)OCC1C(C(C(C(O1)OC2=C(OC3=C(C2=O)C(=C(C(=C3OC)OC)OC)OC)C4=CC(=C(C=C4)OC)OC)O)O)O)O
134,challenge_134,RBTWPFBRVJRSRZ,9.0,7.0,18.0,42.0,4.0,4.0,C=CC1C2CCOC(=O)C2=COC1OC3C(C(C(C(O3)CO)O)O)OC(=O)C4=CC(=CC=C4)O
135,challenge_135,ODDNJYHUVXKJBI,1.0,inf,27.0,37.0,37.0,86.0,CC12CCC(CC1C(CCC2O)(C)O)C(C)(C)O
136,challenge_136,ZQCSOQVURYSVKL,inf,inf,inf,inf,inf,inf,CC12CCC(C3C1C(C(C3C2=C)O)O)C(C)(C)O
137,challenge_137,CPTNKRLUDCGSPQ,2.0,1.0,1.0,1.0,1.0,1.0,CC1C(C(C(C(O1)OCC2C(C(C(C(O2)OC3=C(C(=C(C=C3)O)C)CC=C(C)C(=O)O)O)O)O)O)O)O
138,challenge_138,DIADZLCOROOTGN,15.0,inf,9.0,5.0,1.0,28.0,CC(CC1=CC(=C(C=C1)O)OC)C(C)CC2=CC3=C(C=C2O)OCO3
139,challenge_139,JDJWBXPQIRDCOI,2.0,3.0,1.0,1.0,6.0,2.0,C(CCC(=O)O)CC=CCC(C(CCCC(=O)O)O)O
140,challenge_140,DYUWTXWIYMHBQS,1.0,7.0,8.0,4.0,1.0,8.0,C=CCNCC=C
141,challenge_141,VEEGZPWAAPPXRB,6.0,3.0,6.0,9.0,2.0,1.0,C1=CC=C2C(=C1)C(=CC3=CN=CN3)C(=O)N2
142,challenge_142,DPEYAJFUJJMJNO,inf,inf,inf,inf,inf,inf,CC1C(C(C(C(O1)OC2C(C(COC2OC3CCC4(C(C3(C)C)CCC5(C4CC=C6C5(CCC78C6C(C(CC7)(OC8=O)C)(C)O)C)C)C)O)OC9C(C(C(C(O9)CO)O)O)O)O)O)O
143,challenge_143,JUQZBNSNCFPQEN,inf,inf,14.0,5.0,43.0,28.0,CC1(C2CCC3(C(C2(CCC1OC4C(C(C(CO4)O)O)O)C)CC=C5C3(CCC6(C5CC(CC6)(C)CO)C(=O)OC7C(C(C(C(O7)CO)O)O)O)C)C)C
144,challenge_144,UTHVFIKQCUKKQW,2.0,3.0,5.0,4.0,5.0,2.0,C1C(C=CC(=CC#N)C1OC2C(C(C(C(O2)CO)O)O)O)O
145,challenge_145,VXYKGOAXVHSLDD,1.0,7.0,1.0,7.0,14.0,57.0,COC1=C(C=CC(=C1)CC2COC(=O)C2(CC3=CC(=C(C=C3)OC4C(C(C(C(O4)CO)O)O)O)OC)O)O
146,challenge_146,BNKQCXTYXHSKGJ,65.0,inf,65.0,145.0,145.0,155.0,CC=C(C)C(=O)OC1CC(C2(CC3=C(C(=O)OC3(CC2C1)O)C)C)C
147,challenge_147,QEXBXSJDNHRVSH,53.0,inf,289.0,316.0,42.0,226.0,CC1=C(CC2(C13CCC(C3CC2)(CO)O)C)C(=O)O
148,challenge_148,KMSCXNAPFWQQKD,1.0,1.0,1.0,1.0,2.0,2.0,CC(C)CCCCCCC(CC(=O)NC(CC(=O)O)C(=O)N)O
149,challenge_149,PCWPSOCJBMEHGK,1.0,inf,1.0,2.0,9.0,8.0,COC1=C(C=CC(=C1)CC(CO)C(CC2=CC(=C(C=C2)OC3C(C(C(C(O3)CO)O)O)O)OC)CO)O
150,challenge_150,FLVBOVQKMCPBFE,2.0,1.0,1.0,1.0,1.0,1.0,CCCCCCCCCCCC(=O)OC(C(C)C)C(C(=O)O)OC(=O)C(C)C
151,challenge_151,MIDXCONKKJTLDX,7.0,inf,8.0,36.0,39.0,11.0,CC1CC(C(=O)C1=O)C
152,challenge_152,QEALYLRSRQDCRA,1.0,9.0,1.0,2.0,5.0,1.0,CCCCCCCCCCCCCC(=O)N
153,challenge_153,LZOJNMQMOSTOHX,3.0,1.0,4.0,4.0,2.0,1.0,CC(C)CCCCCCCC(=O)NC(CC(=O)O)C(=O)N
154,challenge_154,OWZYYRSRGCPFKQ,51.0,inf,43.0,35.0,4.0,34.0,CC1C(C(C(C(O1)OC2C(C(COC2OC3CCC4(C(C3(C)C)CCC5(C4CC=C6C5(CCC(C6C(=O)C)(CCC(C)O)C(=O)O)C)C)C)O)OC7C(C(C(C(O7)CO)O)O)O)O)O)O
155,challenge_155,WCUYANMOZSMFCP,1.0,5.0,1.0,1.0,1.0,1.0,CC1C(C(C(C(O1)OC2=C(OC3=C(C2=O)C(=CC(=C3CC=C(C)C)OC4C(C(C(C(O4)CO)O)O)O)O)C5=CC=C(C=C5)O)OC6C(C(C(C(O6)CO)O)O)O)O)O
156,challenge_156,NMDFCFOQBAHNPV,21.0,inf,18.0,35.0,3.0,46.0,CC1(CCC2(CCC3(C(=CCC4C3(CCC5C4(CCC(C5(C)CO)OC6C(C(C(CO6)OC7C(C(C(C(O7)CO)O)O)O)O)O)C)C)C2C1)C)C(=O)O)C(=O)OC
157,challenge_157,JIKPDGHCTOSDJA,inf,inf,48.0,63.0,127.0,107.0,CC1CCC2(C(C1(C)CCC(=CC(=O)O)C)CC(=C2C)C=O)C
158,challenge_158,WAVKNSMRCWYDDL,11.0,6.0,1.0,2.0,1.0,9.0,CCCCCC1=CC2=CC(=CC(=C2C(=O)O1)OC3=C(C(=C(C=C3O)OC)C(=O)O)CCCCC)O
159,challenge_159,AKEQVUOZQNGJQC,inf,inf,inf,inf,inf,inf,CC(=O)OCC1C(COC1C2=CC(=C(C=C2)O)OC)C(C3=CC(=C(C=C3)OC4C(C(C(C(O4)CO)O)O)O)OC)O
160,challenge_160,RQYZKRVLMHQSMS,43.0,inf,8.0,49.0,23.0,60.0,CC1COC2(C1(C(=O)C3=C(C2=O)C45CCCC(C4C(C3OC)OC5=O)(C)C)O)O
161,challenge_161,VSTYNZNDJYVPKL,6.0,9.0,9.0,14.0,7.0,19.0,COC(=O)C1=C(C(=CC=C1)OC2C(C(C(C(O2)CO)O)O)O)O
162,challenge_162,SGNCOKUHMXLGAH,1.0,1.0,9.0,6.0,1.0,1.0,COC(=O)C1=NC(=CC=C1)Br
163,challenge_163,NVZFZMCNALTPBY,1.0,1.0,1.0,1.0,1.0,3.0,C1=CN(C(=O)N=C1N)C2C(C(C(O2)CO)O)F
164,challenge_164,UDSAIICHUKSCKT,1.0,1.0,1.0,1.0,1.0,1.0,C1=CC=C2C(=C1)C(OS2(=O)=O)(C3=CC(=C(C(=C3)Br)O)Br)C4=CC(=C(C(=C4)Br)O)Br
165,challenge_165,NNIRVDLUHWUBSX,6.0,,6.0,5.0,6.0,3.0,CC1C(C(C(C(O1)OC2C(OC(C(C2O)O)OCC3C(C(C(C(O3)OC(=O)C45CCC(CC4C6=CCC7C8(CCC(C(C8CCC7(C6(CC5)C)C)(C)C)OC9C(C(C(CO9)O)O)OC1C(C(C(C(O1)C)O)O)O)C)(C)CO)O)O)O)COC(=O)C)O)O)O
166,challenge_166,NZIQEPLIKSMSRT,113.0,inf,74.0,34.0,107.0,33.0,CC1CCC2(C(C1(C)CCC3=CC(=O)OC3O)CC(=C2C)C=O)C
167,challenge_167,ULSOTXJNUTYKRK,5.0,,7.0,2.0,25.0,11.0,CC1C(C(C(C(O1)OC2C(C(COC2OC3CCC4(C(C3(C)C)CCC5(C4CC=C6C5(CCC7(C6CC(CC7)(C)C)C(=O)OC8C(C(C(C(O8)CO)O)O)O)C)C)C)O)OC9C(C(C(C(O9)CO)O)O)O)O)O)O
168,challenge_168,ABAIOHPURNHXKB,inf,inf,inf,inf,inf,inf,CC1C(C(C(C(O1)OC2=C(OC3=C(C2=O)C(=CC(=C3CC=C(C)C)OC4C(C(C(C(O4)CO)O)O)O)O)C5=CC=C(C=C5)O)O)O)OC(=O)C
169,challenge_169,JSWXKFCFVRCREF,inf,inf,inf,inf,inf,inf,CC1(C2C1C=C(CCC(=O)C(=C)CC2)C(=O)O)C
170,challenge_170,PRBUAZIWXABBBW,inf,8.0,2.0,2.0,9.0,4.0,COC1=C(C=CC(=C1)C2=C(C(=O)C3=C(C(=C(C(=C3O2)OC)O)OC)O)OC4C(C(C(C(O4)CO)O)O)O)O
171,challenge_171,VBTZAIPQSNXYCM,inf,inf,inf,inf,inf,inf,CCC(C)C1C(=O)C(C(=O)N1)(C2=CC3=C(C(C2=O)(C)CC)OC(=C(C3=O)C)C)O
172,challenge_172,IESDYJUGZCFEQG,inf,,2.0,2.0,inf,inf,CCCCCC(CC(CC(=O)OC(CCCCC)CC(CC(=O)OC(CCCCC)CC(CC(=O)OC)OC1C(C(C(C(O1)CO)O)O)O)OC2C(C(C(C(O2)CO)O)O)O)O)OC3C(C(C(C(O3)CO)O)O)O
173,challenge_173,OQWLWGHVEYZMLN,inf,1.0,4.0,4.0,9.0,2.0,CCC=CCC1(CCC=CC1C(=O)O)OC2C(C(C(C(O2)CO)O)O)O
174,challenge_174,VQMRBUNQTLAATK,inf,,inf,inf,inf,inf,CC1(C2CCC3(C(C2(CCC1OC4C(C(C(CO4)OC5C(C(C(C(O5)CO)O)O)O)O)OC6C(C(C(C(O6)CO)O)O)O)C)CC=C7C3(CCC8(C7CC(CC8)(C)C(=O)O)C(=O)OC9C(C(C(C(O9)CO)O)O)O)C)C)C
175,challenge_175,PPJYSSNKSXAVDB,inf,1.0,1.0,1.0,1.0,1.0,C1=C(C=C(C(=C1I)OC2=CC(=C(C(=C2)I)O)I)I)CC(=O)O
176,challenge_176,AVKNGPAMCBSNSO,1.0,6.0,1.0,2.0,2.0,2.0,C1CCC(CC1)CN
177,challenge_177,UVZTZBRGZXIBLZ,1.0,inf,1.0,1.0,2.0,1.0,C1=CC(=O)N(C1=O)CCCCCCCCCCC(=O)O
178,challenge_178,FVAIJXKCYZKCGF,inf,inf,21.0,18.0,23.0,18.0,CC1(C2CCC(C1C(=O)OC)O2)C(=O)OC3C(C(C(C(O3)CO)O)O)O
179,challenge_179,CMXKPYSXVVBBDY,2.0,1.0,6.0,5.0,4.0,3.0,CCOC1C(C(C(CO1)O)O)OC2C(C(C(C(O2)CO)O)O)O
180,challenge_180,IVDMSWPOHFCIHO,inf,inf,inf,inf,inf,inf,COC1=C(C=CC(=C1)C=CC(=O)OC)OC2=C(C=C(C=C2)C(C(CO)O)O)OC
181,challenge_181,PMALFGMVFUCPMK,3.0,inf,2.0,2.0,15.0,2.0,COC1=C(C=CC(=C1)C(C2COC(C2CO)C3=CC(=C(C=C3)O)O)O)O
182,challenge_182,XYZWRQXZTNPKPD,inf,inf,inf,inf,inf,inf,CC(C)C1=C(C=C2C(=C1)C(=O)CC3C2(CCCC3(C)C)C(=O)O)O
183,challenge_183,ZFUJCNJIGDBFEP,inf,6.0,15.0,113.0,57.0,25.0,CC1=CC(C(CC1=O)C(C)C)O
184,challenge_184,DAOMSLPFWWIXQB,inf,inf,inf,inf,inf,inf,CC1CC=CC2C(C(=C(C3C2(C(=O)C4C(O4)C(C1)O)C(=O)NC3CC5=CNC6=CC=CC=C65)C)C)O
185,challenge_185,ODDNJYHUVXKJBI,inf,inf,22.0,15.0,68.0,39.0,CC12CCC(CC1C(CCC2O)(C)O)C(C)(C)O
186,challenge_186,VWKSQQHPNMUNOC,1.0,inf,1.0,1.0,22.0,29.0,CC(CCC(C(C)(C)O)O)C1CCC2(C1(C(CC3=C2CCC4C3(CC(C(C4(C)C)OC(=O)CC(C)(CC(=O)O)O)O)C)O)C)C
187,challenge_187,GOWHHUDNXNDUAS,38.0,6.0,66.0,65.0,33.0,85.0,C1CC(=C(C=C1)C(=O)O)C(=O)O
188,challenge_188,QRCJOCOSPZMDJY,4.0,inf,15.0,7.0,12.0,6.0,CCC(C)C(CC)C(=O)N
189,challenge_189,KDDXOGDIPZSCTM,1.0,1.0,1.0,1.0,1.0,1.0,COC(=O)C1=CSC(=N1)C(=O)C2=CNC3=CC=CC=C32
190,challenge_190,VNIWZCGZPBJWBI,1.0,1.0,1.0,1.0,1.0,1.0,CN1C(=O)C(=C(N=C1N2CCCCS2(=O)=O)C(=O)NCC3=CC=C(C=C3)F)O
191,challenge_191,UKDGPTZSBZPKIO,9.0,inf,3.0,2.0,15.0,6.0,CC1(CCC2(CCC3(C(=CCC4C3(CCC5C4(CCC(C5(C)CO)OC6C(C(C(CO6)O)O)O)C)C)C2C1)C)C(=O)O)CO
192,challenge_192,SAYWUPNITYCHPG,inf,inf,inf,inf,inf,inf,CC(=CCCC(=CCCC1=CCC(OC1)C(=CCO)C)C)C
193,challenge_193,XHAUOHBDNZKIEL,3.0,4.0,1.0,8.0,3.0,11.0,CC1=C2CC(CCC2(CCC1=O)C)C(C)(C)OC3C(C(C(C(O3)CO)O)O)O
194,challenge_194,PXKWYQCTBMFQDW,inf,inf,inf,inf,inf,inf,CC1CCC2C(C1(CCC3C(=C)CCC4C3(CCC(=O)C(O4)(C)C)C)O)(CC(C(=O)C(O2)(C)C)O)C
195,challenge_195,SVLAIBOYFCQLIY,20.0,2.0,28.0,28.0,16.0,31.0,CC1CC2(C=C(C(=O)O2)C)OC34C1CC5C3(O5)C6C(CC7C(OC8C7(CC6(CC4O)O)OC(=O)C8)(C)C)O
196,challenge_196,FEPPYNQWWRLZNW,42.0,inf,3.0,91.0,85.0,60.0,CC1=CC(=C(C2=C1C(=O)OC3=C(O2)C(=C(C(=C3)C(=O)O)C)OC)COC)O
197,challenge_197,FLXFNIBELQCRPA,7.0,3.0,4.0,3.0,37.0,6.0,C(CCCC(C=CCO)O)CCCC(=O)O
198,challenge_198,LFMVGCLSSWANEO,1.0,1.0,1.0,3.0,1.0,1.0,CC1=C2COC(=O)C2=C(C(=C1O)CC=C(C)CCC=C(C)CCC(=O)O)O
199,challenge_199,UTVHCNQHDCRVMF,1.0,3.0,1.0,2.0,3.0,1.0,CC1C(=O)N2C3C(CC2(C4=NC5=CC=CC=C5C(=O)N14)O)(C6=CC=CC=C6N3C(=O)C)C(C)(C)C=C
200,challenge_200,ZQZJKHIIQFPZCS,2.0,1.0,3.0,5.0,1.0,2.0,CCCNC(=O)N
201,challenge_201,NBQNWMBBSKPBAY,1.0,,1.0,1.0,1.0,1.0,CC(=O)N(CC(CN(C1=C(C(=C(C(=C1I)C(=O)NCC(CO)O)I)C(=O)NCC(CO)O)I)C(=O)C)O)C2=C(C(=C(C(=C2I)C(=O)NCC(CO)O)I)C(=O)NCC(CO)O)I
202,challenge_202,UFUVLHLTWXBHGZ,1.0,1.0,1.0,1.0,1.0,1.0,CCCC1CC(N(C1)C)C(=O)NC(C2C(C(C(C(O2)SC)OP(=O)(O)O)O)O)C(C)Cl
203,challenge_203,CLMACWUIFILBBM,33.0,2.0,17.0,66.0,46.0,1.0,CC1COC(=O)C1(C2C3=C(C(=O)O2)C45CCCC(C4C(C3OC)OC5=O)(C)C)O
204,challenge_204,GFXHOKACHHWSQG,1.0,1.0,1.0,1.0,1.0,1.0,COC1=C(C=CC(=C1)CC2COC(C2COC(=O)C3=CC=C(C=C3)O)C4=CC(=C(C=C4)O)OC)O
205,challenge_205,KQLFQMPSIZRACE,23.0,inf,22.0,21.0,9.0,18.0,COC(=O)C(C1=CC=CC=C1)OC2C(C(C(C(O2)CO)O)O)O
206,challenge_206,NPCYPPUNOYDHKT,1.0,,1.0,1.0,1.0,1.0,CC1C(C(C(C(O1)OC2C(OC(C(C2O)O)OCC3C(C(C(C(O3)OC(=O)C45CCC(=C)CC4C6=CCC7C8(CCC(C(C8CCC7(C6(CC5)C)C)(C)C)OC9C(C(C(CO9)O)O)OC1C(C(C(C(O1)C)O)O)O)C)O)O)O)COC(=O)C)O)O)O
207,challenge_207,IGSZOCSRLTUKLJ,inf,inf,inf,inf,inf,inf,CC1=CC(=O)NC1=CC=C(C)CCC=C(CCC=C(C)C)C(=O)O
208,challenge_208,LWZCXTWCFCVAPB,inf,inf,inf,inf,inf,inf,CC1=CC(=O)C(C2(C1CC3=C(C(=O)OC3=C2)C)C)OC(=O)C
209,challenge_209,DPYJSGIGESZKHU,4.0,1.0,4.0,4.0,1.0,4.0,CC(=CCCC=C(C)CCC1C(CCC(O1)C(C)(C)OC2C(C(C(C(O2)CO)O)O)O)(C)O)CCC3C(CCC(O3)C(C)(C)O)(C)O
210,challenge_210,BYTPMMJRDFCGKX,1.0,4.0,1.0,2.0,1.0,1.0,CC1C(C(OC1C2=CC3=C(C=C2)OCO3)C4=CC(=C(C=C4)OC(C)C(C5=CC(=C(C=C5)OC)OC)O)OC)C
211,challenge_211,HCFFYRGPTPKLPK,20.0,inf,18.0,23.0,29.0,36.0,CC1CCC2(CCC3(C(=CCC4C3(CCC5C4(CCC(C5(C)C)OC6C(C(C(C(O6)C(=O)O)O)O)O)C)C)C2C1(C)O)C)C(=O)OC7C(C(C(C(O7)CO)O)O)O
212,challenge_212,DTUJRJIWGWTNFQ,inf,inf,inf,inf,inf,inf,C1CC1N2CCC(=O)CC2
213,challenge_213,BHCBLTRDEYPMFZ,1.0,1.0,1.0,1.0,1.0,1.0,CC(=O)NC1=C(C(=C(C(=C1I)C(=O)NCC(CO)O)I)C(=O)NCC(CO)O)I
214,challenge_214,KKBGNYHHEIAGOH,1.0,1.0,1.0,2.0,1.0,1.0,C1C(CC2=CC=CC=C2C1C3=C(C4=CC=CC=C4OC3=O)O)C5=CC=C(C=C5)OCC6=CC=C(C=C6)C(F)(F)F
215,challenge_215,LRHHFHPQWVDGIQ,1.0,1.0,1.0,1.0,1.0,1.0,CC(=O)NC1C(C(C(OC1OC(C)(C)C2CCC(O2)(C)C(CCC(=C)C3CCC4C3(CCC5C4(CCC(O5)C(C)(C)OC6C(C(C(C(O6)CO)O)O)O)C)C)O)CO)O)O
216,challenge_216,RVQFSOHDFFWTLD,14.0,inf,6.0,10.0,17.0,24.0,CC1(C2CCC1(C(C2)OC3C(C(C(C(O3)COC4C(C(CO4)(CO)O)O)O)O)O)C)C
217,challenge_217,VXXKDWBEVHGANN,10.0,inf,5.0,3.0,1.0,13.0,COC1=C(C=CC(=C1)OC2C(C(C(C(O2)CO)O)O)O)CC(CO)O
218,challenge_218,GFMGGFIBSURRGW,inf,inf,inf,inf,inf,inf,CCCCCCC=C(C(C)C(=O)O)C(=O)O
219,challenge_219,JZXWITIZXDCGSC,434.0,inf,64.0,98.0,341.0,432.0,CC1(C2CCC34CC(CCC3C2(C=CC1=O)C)C(C4)(CO)O)C
220,challenge_220,QQQHFUHGZMFSOB,31.0,inf,93.0,71.0,239.0,354.0,CC1=CC(C(=CC(C)CCC=C(CCC=C(C)C)C(=O)O)C1=O)O
221,challenge_221,SYLBWUCYLWBMER,inf,inf,246.0,34.0,350.0,217.0,CC12CCC(=O)C(C1CCC34C2CC(CC3)C(C4)(CO)O)(C)CO
222,challenge_222,NQNFBFWPHHJVSM,40.0,8.0,12.0,16.0,4.0,38.0,CCCC1C(C(CO1)O)C=CC(=O)O
223,challenge_223,PLESAOGBVATPML,1.0,1.0,1.0,1.0,1.0,1.0,C1C2C(C(C(C(O2)OC3=CC(=C(C(=C3)O)C(=O)CCC4=CC=C(C=C4)O)O)O)OC(=O)C5=CC(=C(C(=C5)O)O)O)OC(=O)C6=CC(=C(C(=C6C7=C(C(=C(C=C7C(=O)O1)O)O)O)O)O)O
224,challenge_224,GZKLJWGUPQBVJQ,1.0,1.0,1.0,1.0,1.0,1.0,C1CN(CCC1C2=CN(C3=C2C=C(C=C3)Cl)C4=CC=C(C=C4)F)CCN5CCNC5=O
225,challenge_225,DWAQDRSOVMLGRQ,2.0,inf,1.0,3.0,4.0,10.0,COC1=CC2=C(C=C1)NC=C2
226,challenge_226,PLHJCIYEEKOWNM,1.0,1.0,1.0,1.0,1.0,1.0,CN1C=NC=C1C(C2=CC=C(C=C2)Cl)(C3=CC4=C(C=C3)N(C(=O)C=C4C5=CC(=CC=C5)Cl)C)N
227,challenge_227,BUOMUXLXLTWQRD,inf,inf,inf,inf,inf,inf,CC1CC=C2C(=C1C=O)OC(C2(C)C)C(C)CO
228,challenge_228,VOCMJEUNEDTYIN,37.0,inf,50.0,44.0,35.0,23.0,CCC(C)C1C(=CC2CC(CC(C2C1(C)C(=O)CCO)C)C)CO
229,challenge_229,HETFHSADNIQCEJ,inf,inf,inf,inf,inf,inf,CC1=C(OC=C1)C(C(C2(CCC=C(C(=O)O2)CCC=C(C)C)C)O)O
230,challenge_230,ZVUKZMWLRYNENB,1.0,1.0,1.0,1.0,2.0,1.0,CC(=CCCC(=CCCC(C)(C=C)OC1C(C(C(C(O1)CO)O)O)O)CO)CC(C=C(C)C(=O)OC)O
231,challenge_231,CLQSQZGNPFWGAE,7.0,1.0,1.0,1.0,2.0,1.0,COC1=C(C=CC(=C1)C=CC(=O)OCC(C2=CC=C(C=C2)O)O)O
232,challenge_232,JVWMEYMYQAAGMM,inf,inf,inf,inf,inf,inf,CC1=C(CC2(C13CCC(C3C(C2)O)(C)O)C)C(=O)O
233,challenge_233,LRDZBWWOVQELFI,131.0,inf,130.0,138.0,98.0,73.0,CC1CC2(C3C(C1C)C4=CC5=C(C=C4OC36C(=CC2=O)OCO6)OCO5)O
234,challenge_234,QCKMSYZHBPNLCB,7.0,2.0,3.0,2.0,3.0,7.0,COC1=C(C=CC(=C1)C(=O)OC2=CC(=CC(=C2CC(=O)O)O)OC3C(C(C(C(O3)CO)O)O)O)O
235,challenge_235,YYJQHCMKQJHGGA,11.0,,2.0,5.0,3.0,4.0,CC1C(C(C(C(O1)OC2C(C(COC2OC3CCC4(C(C3(C)C)CCC5(C4CC=C6C5(CCC7(C6CC(CC7)(C)C(=O)O)C(=O)OC8C(C(C(C(O8)COC9C(C(C(C(O9)COC(=O)C)O)O)O)O)O)O)C)C)C)O)O)O)O)O
236,challenge_236,FBLAHUMENIHUGG,2.0,1.0,2.0,1.0,2.0,1.0,CC1=CC=CC=C1NC(=O)C2=CC3=CC=CC=C3C=C2O
237,challenge_237,YCZJVRCZIPDYHH,1.0,7.0,2.0,3.0,1.0,4.0,CCCCCCCCCCCCCOC(=O)C1=CC=CC=C1C(=O)OCCCCCCCCCCCCC
238,challenge_238,BHFJBHMTEDLICO,inf,inf,1.0,1.0,1.0,1.0,C(C(C(C(C(F)(F)S(=O)(=O)F)(F)F)(F)F)(F)F)(C(C(C(F)(F)F)(F)F)(F)F)(F)F
239,challenge_239,JGCPVCKZVBKIHO,inf,10.0,1.0,1.0,1.0,1.0,CCC(C(C)O)(C(=O)OCC1=CC=C(C=C1)NCCCC(=O)O)O
240,challenge_240,LRFIKYDSTHZRKW,3.0,2.0,3.0,6.0,1.0,1.0,C1=CC(=CC=C1COC(=O)C2=CC(=C(C=C2)O)O)OC3C(C(C(C(O3)CO)O)O)O
241,challenge_241,SUAXOYITDJNGFM,7.0,inf,3.0,3.0,11.0,20.0,C1=C(C=C(C(=C1O)O)O)C(=O)OCC2C(C(C(C(O2)OC(=O)C3=CC(=C(C(=C3)O)O)O)O)O)OC(=O)C4=CC(=C(C(=C4)O)O)O
242,challenge_242,XBOVCSNIOQPGAW,3.0,3.0,2.0,2.0,1.0,3.0,CC1C(C(C(C(O1)OC2CCC3(C4CC(C5(C(CCC5(C4CCC3=C2)O)C6=COC(=O)C=C6)C)OC(=O)C)C)O)O)O
243,challenge_243,YXNJBOPJNBXMGA,20.0,9.0,7.0,20.0,55.0,45.0,CC(=O)OCC1(C2CCC34CC(CCC3C2(CCC1=O)C)C(C4)(COC(=O)C)O)C
244,challenge_244,LZIOIGRHSJIZED,11.0,6.0,3.0,8.0,11.0,2.0,CC1(CCC2C(C1O)OC(=O)CC3C2(CCCC3(C)C(=O)O)C)CCOC4C(C(C(C(O4)CO)O)O)O
245,challenge_245,VKSWFQCTDQBTII,inf,inf,inf,inf,inf,inf,C1=CC(=CC=C1COC(=O)C2=CC=C(C=C2)O)OC3C(C(C(C(O3)CO)O)O)O
246,challenge_246,WBPAMTGAAPNFPT,2.0,inf,8.0,8.0,10.0,4.0,CC1=CC(=C(C(=C1C(=O)O)OC2=C(C(=CC(=C2C)OC)C(=O)O)O)C=O)O
247,challenge_247,PRDFBSVERLRRMY,inf,1.0,1.0,1.0,1.0,1.0,CCOC1=CC=C(C=C1)C2=NC3=C(N2)C=C(C=C3)C4=NC5=C(N4)C=C(C=C5)N6CCN(CC6)C
248,challenge_248,NEMNPWINWMHUMR,1.0,1.0,1.0,1.0,1.0,1.0,C1=CC(=CC=C1OC2=C(C=C(C=C2)NC(=O)C3=C(C(=CC(=C3)I)I)O)Cl)Cl
249,challenge_249,YMZTUCZCQMQFMK,23.0,1.0,13.0,21.0,3.0,40.0,CC1=C(OC2=CC=CC=C12)C(=O)O
250,challenge_250,UWPJYQYRSWYIGZ,inf,5.0,6.0,12.0,10.0,16.0,NC1=C2C=CC(=CC2=CC=C1)S(O)(=O)=O
251,challenge_251,VILFVXYKHXVYAB,1.0,4.0,2.0,1.0,4.0,1.0,OS(=O)(=O)c1ccc2ccc(cc2c1)S(O)(=O)=O
252,challenge_252,YLKCHWCYYNKADS,2.0,1.0,4.0,8.0,2.0,3.0,OC1=CC=CC2=C(C=CC=C12)S(O)(=O)=O
253,challenge_253,HUBANNPOLNYSAD,inf,1.0,3.0,3.0,1.0,8.0,OC(=O)c1nc(Cl)ccc1Cl
254,challenge_254,LMEKQMALGUDUQG,1.0,1.0,1.0,1.0,1.0,1.0,CN1C=NC(=C1SC1=C2NC=NC2=NC=N1)[N+]([O-])=O
255,challenge_255,GEFDRROBUCULOD,1.0,inf,1.0,2.0,6.0,3.0,CC(=O)NC1=CC=C(O)C(=C1)C(O)=O
256,challenge_256,FAKRSMQSSFJEIM,1.0,1.0,1.0,1.0,1.0,2.0,C[C@H](CS)C(=O)N1CCC[C@H]1C(O)=O
257,challenge_257,ARQXEQLMMNGFDU,1.0,1.0,1.0,1.0,1.0,2.0,CC1=CC(=O)OC2=CC(O[C@@H]3O[C@@H]([C@H](O)[C@H](O)[C@H]3O)C(O)=O)=CC=C12
258,challenge_258,PGOOBECODWQEAB,1.0,1.0,1.0,1.0,1.0,1.0,CN=C(NCC1=CN=C(Cl)S1)N[N+]([O-])=O
259,challenge_259,ZCXGMSGCBDSEOY,1.0,1.0,1.0,1.0,1.0,1.0,OS(=O)(=O)C1=NC2=CC=CC=C2S1
260,challenge_260,RFHAOTPXVQNOHP,1.0,1.0,1.0,1.0,1.0,1.0,OC(Cn1cncn1)(Cn1cncn1)c1ccc(F)cc1F
261,challenge_261,SGUAFYQXFOLMHL,1.0,1.0,1.0,1.0,1.0,2.0,CC(CCC1=CC=CC=C1)NCC(O)C1=CC(C(N)=O)=C(O)C=C1
262,challenge_262,HODZDDDNGRLGSI,1.0,1.0,1.0,1.0,1.0,1.0,CN(CC1=Nc2c(N)nc(N)nc2NC1=O)c1ccc(cc1)C(=O)NC(CCC(O)=O)C(O)=O
263,challenge_263,WUYWHIAAQYQKPP,1.0,2.0,1.0,2.0,2.0,2.0,OC(=O)CCC(=O)C1=CC=C(F)C=C1
264,challenge_264,GXPIUNZCALHVBA,1.0,1.0,1.0,1.0,1.0,1.0,CC(=O)NC1=CC=C(C=C1)S(=O)(=O)NC1=NOC(C)=C1
265,challenge_265,FGXWKSZFVQUSTL,1.0,1.0,1.0,1.0,1.0,1.0,ClC1=CC2=C(C=C1)N(C1CCN(CCCN3C(=O)NC4=C3C=CC=C4)CC1)C(=O)N2
266,challenge_266,ZZORFUFYDOWNEF,1.0,3.0,1.0,1.0,2.0,2.0,COC1=CC(NS(=O)(=O)C2=CC=C(N)C=C2)=NC(OC)=N1
267,challenge_267,FUYLLJCBCKRIAL,1.0,1.0,1.0,1.0,1.0,1.0,CC1=CC(=O)OC2=CC(OS(O)(=O)=O)=CC=C12
268,challenge_268,SUBDBMMJDZJVOS,inf,1.0,1.0,1.0,1.0,1.0,COC1=CC=C2N=C(NC2=C1)S(=O)CC1=NC=C(C)C(OC)=C1C
269,challenge_269,YWWHKOHZGJFMIE,1.0,inf,1.0,2.0,4.0,37.0,CCOC(=O)C1=CC=CC=C1C(O)=O
270,challenge_270,GBXSMTUPTTWBMN,1.0,1.0,1.0,1.0,1.0,1.0,CCOC(=O)[C@H](CCc1ccccc1)N[C@@H](C)C(=O)N1CCC[C@H]1C(O)=O
271,challenge_271,GZFGOTFRPZRKDS,inf,3.0,1.0,3.0,1.0,2.0,Oc1ccc(Br)cc1
272,challenge_272,CTRLABGOLIVAIY,1.0,8.0,1.0,4.0,1.0,2.0,NC(=O)N1c2ccccc2CC(=O)c2ccccc12
273,challenge_273,SECKRCOLJRRGGV,1.0,6.0,1.0,1.0,1.0,3.0,CCCC1=NC(C)=C2N1NC(=NC2=O)C1=CC(=CC=C1OCC)S(=O)(=O)N1CCN(CC)CC1
274,challenge_274,GZUITABIAKMVPG,1.0,1.0,1.0,1.0,1.0,1.0,Oc1ccc(cc1)-c1sc2cc(O)ccc2c1C(=O)c1ccc(OCCN2CCCCC2)cc1
275,challenge_275,MSLICLMCQYQNPK,inf,2.0,1.0,3.0,2.0,1.0,CC(=O)NC1=CC=C(Br)C=C1
276,challenge_276,WXNRYSGJLQFHBR,1.0,inf,1.0,1.0,36.0,10.0,OC1=CC(O)=C(C=C1)C(=O)C1=C(O)C=C(O)C=C1
277,challenge_277,NUVBSKCKDOMJSU,1.0,inf,1.0,1.0,2.0,3.0,CCOC(=O)c1ccc(O)cc1
278,challenge_278,VSMDINRNYYEDRN,inf,2.0,2.0,1.0,2.0,3.0,OC1=CC=C(I)C=C1
279,challenge_279,OPXLLQIJSORQAM,inf,2.0,1.0,1.0,1.0,1.0,COC(=O)Nc1nc2ccc(cc2[nH]1)C(=O)c1ccccc1
280,challenge_280,HFZWRUODUSTPEG,inf,1.0,1.0,1.0,1.0,5.0,Oc1ccc(Cl)cc1Cl
281,challenge_281,HOASVNMVYBSLSU,1.0,2.0,1.0,1.0,1.0,1.0,CCOC1=CC=C2N=C(S)SC2=C1
282,challenge_282,VWGKEVWFBOUAND,inf,1.0,2.0,6.0,1.0,3.0,OC1=CC=C(SC2=CC=C(O)C=C2)C=C1
283,challenge_283,FJAZVHYPASAQKM,1.0,2.0,1.0,1.0,2.0,2.0,C[C@]12CC[C@H]3[C@@H](CCC4=C3C=CC(O[C@@H]3O[C@@H]([C@@H](O)[C@H](O)[C@H]3O)C(O)=O)=C4)[C@@H]1CCC2=O
284,challenge_284,QELSKZZBTMNZEB,1.0,inf,1.0,1.0,13.0,12.0,CCCOC(=O)c1ccc(O)cc1
285,challenge_285,JTHMVYBOQLDDIY,1.0,1.0,1.0,2.0,1.0,1.0,CCCOC1=NN(C(=O)NS(=O)(=O)C2=CC=CC=C2C(=O)OC)C(=O)N1C
286,challenge_286,OVSKIKFHRZPJSS,1.0,1.0,1.0,1.0,5.0,4.0,OC(=O)COc1ccc(Cl)cc1Cl
287,challenge_287,RMMXLENWKUUMAY,1.0,1.0,1.0,1.0,1.0,1.0,CCCC1=Nc2c(C)cc(C3=Nc4ccccc4N3C)cc2N1Cc1ccc(-c2ccccc2C(O)=O)cc1
288,challenge_288,RZJSUWQGFCHNFS,inf,inf,1.0,2.0,3.0,48.0,CC(C)COC(=O)C1=CC=CC=C1C(O)=O
289,challenge_289,WHKUVVPPKQRRBV,1.0,1.0,1.0,4.0,2.0,1.0,Cc1cc(Cl)ccc1OCC(O)=O
290,challenge_290,XIKIUQUXDNHBFR,inf,inf,1.0,1.0,2.0,65.0,OC(=O)C1=CC=CC=C1C(=O)OCC1=CC=CC=C1
291,challenge_291,FAXWFCTVSHEODL,inf,2.0,1.0,1.0,2.0,3.0,OC1=C(Br)C=C(Br)C=C1
292,challenge_292,GCDBEYOJCZLKMC,inf,2.0,3.0,1.0,2.0,2.0,OC1=CC2=C(C=C1)C(=O)C1=CC=CC=C1C2=O
293,challenge_293,TUZYXOIXSAXUGO,1.0,4.0,1.0,1.0,14.0,2.0,CC[C@H](C)C(=O)O[C@H]1C[C@H](O)C=C2C=C[C@H](C)[C@H](CC[C@@H](O)C[C@@H](O)CC(O)=O)[C@@H]12
294,challenge_294,RGCKGOZRHPZPFP,1.0,inf,1.0,6.0,5.0,7.0,OC1=CC=C2C(=O)C3=CC=CC=C3C(=O)C2=C1O
295,challenge_295,XGWFJBFNAQHLEF,inf,inf,8.0,16.0,1.0,4.0,OC(=O)C1=C2C=CC=CC2=CC2=CC=CC=C12
296,challenge_296,ASMQGLCHMVWBQR,1.0,1.0,1.0,1.0,1.0,1.0,OP(=O)(OC1=CC=CC=C1)OC1=CC=CC=C1
297,challenge_297,XUIIKFGFIJCVMT,1.0,1.0,1.0,1.0,1.0,2.0,NC(CC1=CC(I)=C(OC2=CC(I)=C(O)C(I)=C2)C(I)=C1)C(O)=O
298,challenge_298,MZHCENGPTKEIGP,1.0,1.0,3.0,1.0,2.0,1.0,CC(Oc1ccc(Cl)cc1Cl)C(O)=O
299,challenge_299,HTQMVQVXFRQIKW,inf,1.0,1.0,1.0,1.0,1.0,CCOC1=Nc2cccc(C(O)=O)c2N1Cc1ccc(-c2ccccc2C2NN=NN=2)cc1
300,challenge_300,MKXKFYHWDHIYRV,inf,1.0,1.0,1.0,1.0,2.0,CC(C)C(=O)Nc1ccc(c(c1)C(F)(F)F)[N+]([O-])=O
301,challenge_301,QXJKBPAVAHBARF,1.0,1.0,1.0,1.0,1.0,1.0,CC12CC1(C)C(=O)N(C2=O)c1cc(Cl)cc(Cl)c1
302,challenge_302,PVHUJELLJLJGLN,1.0,5.0,1.0,2.0,2.0,9.0,CCOC(=O)C1=C(C)NC(C)=C(C1C1=CC=CC(=C1)[N+]([O-])=O)C(=O)OC
303,challenge_303,BBNQQADTFFCFGB,1.0,inf,2.0,9.0,5.0,12.0,OC1=CC(O)=C2C(=O)C3=CC=CC=C3C(=O)C2=C1O
304,challenge_304,QQQYTWIFVNKMRW,1.0,1.0,1.0,1.0,1.0,1.0,FC1=CC=CC(F)=C1C(=O)NC(=O)NC1=CC=C(Cl)C=C1
305,challenge_305,RZEKVGVHFLEQIL,inf,4.0,1.0,1.0,1.0,1.0,CC1=CC=C(C=C1)C1=CC(=NN1C1=CC=C(C=C1)S(N)(=O)=O)C(F)(F)F
306,challenge_306,GJPICJJJRGTNOD,1.0,1.0,1.0,1.0,1.0,1.0,COC1=CC=CC=C1OC1=C(OCCO)N=C(N=C1NS(=O)(=O)C1=CC=C(C=C1)C(C)(C)C)C1=NC=CC=N1
307,challenge_307,JWKXVHLIRTVXLD,1.0,1.0,1.0,1.0,1.0,1.0,NC1=C(C(=NN1C1=C(Cl)C=C(C=C1Cl)C(F)(F)F)C#N)C(F)(F)F
308,challenge_308,JKKFKPJIXZFSSB,inf,4.0,1.0,1.0,1.0,4.0,CC12CCC3C(CCC4=CC(OS(O)(=O)=O)=CC=C34)C1CCC2=O
309,challenge_309,DCOPUUMXTXDBNB,1.0,2.0,2.0,2.0,1.0,1.0,OC(=O)Cc1ccccc1Nc1c(Cl)cccc1Cl
310,challenge_310,ZNNLBTZKUZBEKO,1.0,1.0,1.0,1.0,1.0,1.0,COC1=C(C=C(Cl)C=C1)C(=O)NCCC1=CC=C(C=C1)S(=O)(=O)NC(=O)NC1CCCCC1
311,challenge_311,CGIGDMFJXJATDK,1.0,1.0,1.0,1.0,2.0,1.0,COc1ccc2n(C(=O)c3ccc(Cl)cc3)c(C)c(CC(O)=O)c2c1
312,challenge_312,XUKUURHRXDUEBC,1.0,1.0,1.0,1.0,1.0,1.0,CC(C)c1c(C(=O)Nc2ccccc2)c(c(-c2ccc(F)cc2)n1CC[C@@H](O)C[C@@H](O)CC(O)=O)-c1ccccc1
313,challenge_313,FQXWEKADCSXYOC,1.0,1.0,1.0,1.0,1.0,1.0,C1=C(C=C(C(=C1Cl)N2C(=C(C(=N2)C#N)SC(F)(F)F)N)Cl)C(F)(F)F
314,challenge_314,WIGIZIANZCJQQY,1.0,1.0,1.0,1.0,1.0,1.0,CCC1=C(C)CN(C(=O)NCCC2=CC=C(C=C2)S(=O)(=O)NC(=O)NC2CCC(C)CC2)C1=O
315,challenge_315,IUSYSZLVZMUVDO,1.0,1.0,1.0,1.0,1.0,1.0,OC(=O)C1=C(C=CC(OC2=C(Cl)C=C(Cl)C=C2)=C1)[N+]([O-])=O
316,challenge_316,PXUULQAPEKKVAH,inf,inf,1.0,1.0,1.0,1.0,OC(=O)C(F)(F)C(F)(F)C(F)(F)C(F)(F)C(F)(F)F
317,challenge_317,MDQKYGOECVSPIW,1.0,1.0,1.0,1.0,1.0,1.0,Oc1c(Cl)c(Cl)c(C#N)c(Cl)c1C#N
318,challenge_318,ICUTUKXCWQYESQ,1.0,1.0,1.0,1.0,1.0,1.0,ClC1=CC=C(NC(=O)NC2=CC=C(Cl)C(Cl)=C2)C=C1
319,challenge_319,RDUJRVXKAIVTDH,1.0,2.0,1.0,1.0,1.0,2.0,OC1=CC=C2C=CC=CC2=C1N=NC1=CC=C(C=C1)S(O)(=O)=O
320,challenge_320,VEORPZCZECFIRK,inf,1.0,2.0,1.0,1.0,1.0,CC(C)(c1cc(Br)c(O)c(Br)c1)c1cc(Br)c(O)c(Br)c1
321,challenge_321,RRRXPPIDPYTNJG,inf,inf,1.0,1.0,1.0,1.0,NS(=O)(=O)C(F)(F)C(F)(F)C(F)(F)C(F)(F)C(F)(F)C(F)(F)C(F)(F)C(F)(F)F
322,challenge_322,SVHOVVJFOWGYJO,inf,1.0,1.0,1.0,1.0,1.0,OC1=C(Br)C(Br)=C(Br)C(Br)=C1Br
323,challenge_323,RYLHNOVXKPXDIP,1.0,1.0,1.0,1.0,1.0,1.0,FC1=CC(OC2=CC=C(C=C2Cl)C(F)(F)F)=CC=C1NC(=O)NC(=O)C1=C(F)C=CC=C1F
324,challenge_324,ACGUYXCXAPNIKK,1.0,1.0,1.0,1.0,1.0,1.0,OC1=C(CC2=C(Cl)C(Cl)=CC(Cl)=C2O)C(Cl)=C(Cl)C=C1Cl
325,challenge_325,SJQBHPJLLIJASD,1.0,1.0,1.0,1.0,1.0,1.0,Oc1c(Cl)cc(Cl)cc1C(=O)Nc1ccc(Cl)c(Cl)c1
326,challenge_326,BDOBMVIEWHZYDL,2.0,2.0,2.0,2.0,2.0,2.0,OC1=C(Cl)C(Cl)=C(Cl)C(Cl)=C1C(=O)NC1=CC=CC=C1
327,challenge_327,VIONGDJUYAYOPU,inf,inf,1.0,1.0,1.0,1.0,[H]C([H])(C([H])([H])S(O)(=O)=O)C(F)(F)C(F)(F)C(F)(F)C(F)(F)C(F)(F)C(F)(F)F
328,challenge_328,GAOZTHIDHYLHMS,inf,1.0,1.0,1.0,7.0,3.0,CC[C@]1(CC[C@@H](O1)[C@@]1(C)CC[C@]2(C[C@H](O)[C@@H](C)[C@H](O2)[C@H](C)[C@H](OC)[C@@H](C)C(O)=O)O1)[C@H]1O[C@@H](C[C@H]1C)[C@H]1O[C@@](O)(CO)[C@H](C)C[C@@H]1C
329,challenge_329,PCIUEQPBYFRTEM,1.0,inf,1.0,1.0,1.0,1.0,OC(=O)C(F)(F)C(F)(F)C(F)(F)C(F)(F)C(F)(F)C(F)(F)C(F)(F)C(F)(F)C(F)(F)F
330,challenge_330,KWXICGTUELOLSQ,1.0,4.0,1.0,1.0,5.0,4.0,CCCCCCCCCCCCC1=CC=C(C=C1)S(O)(=O)=O
331,challenge_331,LVQDKIWDGQRHTE,1.0,1.0,1.0,1.0,1.0,1.0,NC1=NC(NC2CC2)=NC(N)=N1
332,challenge_332,VHYFNPMBLIVWCW,7.0,10.0,16.0,8.0,1.0,26.0,CN(C)C1=CC=NC=C1
333,challenge_333,DDRJAANPRJIHGJ,1.0,1.0,1.0,4.0,1.0,2.0,CN1CC(=O)N=C1N
334,challenge_334,HYZJCKYKOHLVJF,2.0,2.0,1.0,1.0,17.0,17.0,N1C=NC2=CC=CC=C12
335,challenge_335,PAFZNILMFXTMIY,1.0,3.0,1.0,1.0,2.0,1.0,NC1CCCCC1
336,challenge_336,KLGQWSOYKYFBTR,1.0,3.0,1.0,1.0,4.0,6.0,NC(=O)C1=C(C=CC=C1)[N+]([O-])=O
337,challenge_337,TWFZGCMQGLPBSX,1.0,3.0,1.0,1.0,2.0,1.0,COC(=O)NC1=NC2=CC=CC=C2N1
338,challenge_338,TWIIRMSFZNYMQE,1.0,5.0,2.0,2.0,1.0,1.0,COC(=O)C1=CN=CC=N1
339,challenge_339,YHMYGUUIMTVXNW,1.0,3.0,1.0,2.0,2.0,6.0,SC1=NC2=CC=CC=C2N1
340,challenge_340,GEFDRROBUCULOD,1.0,6.0,1.0,1.0,18.0,6.0,CC(=O)NC1=CC=C(O)C(=C1)C(O)=O
341,challenge_341,BPEXTIMJLDWDTL,2.0,inf,1.0,1.0,37.0,8.0,CC(=O)NC1=C(C)C=CC=C1
342,challenge_342,OYTCZOJKXCTBHG,1.0,1.0,1.0,1.0,1.0,1.0,CCNC1=NC(=O)N=C(NC(C)(C)C)N1
343,challenge_343,JBDGDEWWOUBZPM,1.0,1.0,1.0,1.0,1.0,1.0,NC1=C(Br)C=C(Br)C=C1CNC1CCC(O)CC1
344,challenge_344,MARUHZGHZWCEQU,inf,2.0,2.0,1.0,1.0,3.0,N1N=NN=C1C1=CC=CC=C1
345,challenge_345,FAKRSMQSSFJEIM,1.0,1.0,2.0,1.0,1.0,1.0,C[C@H](CS)C(=O)N1CCC[C@H]1C(O)=O
346,challenge_346,UQVKZNNCIHJZLS,1.0,2.0,1.0,1.0,1.0,4.0,Cn1c2cc(cnc2[nH]c1=N)-c1ccccc1
347,challenge_347,JAUOIFJMECXRGI,1.0,1.0,1.0,1.0,1.0,1.0,Clc1ccc2c(CCc3cccnc3C2=C2CCNCC2)c1
348,challenge_348,FELGMEQIXOGIFQ,1.0,4.0,1.0,1.0,1.0,1.0,CN1C2=C(C3=C1C=CC=C3)C(=O)C(CN1C=CN=C1C)CC2
349,challenge_349,DKMFBWQBDIGMHM,1.0,2.0,1.0,1.0,1.0,1.0,CC1CCN(CCCC(=O)C2=CC=C(F)C=C2)CC1
350,challenge_350,WKASGTGXOGALBG,1.0,inf,1.0,1.0,2.0,2.0,CN1C=NC2=C1C(=O)N(CCCC(O)=O)C(=O)N2C
351,challenge_351,YHQDZJICGQWFHK,2.0,5.0,1.0,1.0,4.0,5.0,[O-][N+](=O)c1cc[n+]([O-])c2ccccc12
352,challenge_352,APEJMQOBVMLION,1.0,1.0,1.0,1.0,1.0,8.0,NC(=O)\C=C\C1=CC=CC=C1
353,challenge_353,ZCXGMSGCBDSEOY,1.0,3.0,1.0,1.0,1.0,3.0,OS(=O)(=O)C1=NC2=CC=CC=C2S1
354,challenge_354,RAPZEAPATHNIPO,1.0,1.0,1.0,1.0,1.0,1.0,CC1=C(CCN2CCC(CC2)c2noc3cc(F)ccc23)C(=O)N2CCCCC2=N1
355,challenge_355,HODZDDDNGRLGSI,1.0,1.0,1.0,1.0,1.0,1.0,CN(CC1=Nc2c(N)nc(N)nc2NC1=O)c1ccc(cc1)C(=O)NC(CCC(O)=O)C(O)=O
356,challenge_356,VPWNQTHUCYMVMZ,1.0,2.0,1.0,1.0,2.0,2.0,Oc1ccc(cc1)S(=O)(=O)c1ccc(O)cc1
357,challenge_357,FGXWKSZFVQUSTL,1.0,1.0,1.0,1.0,1.0,1.0,ClC1=CC2=C(C=C1)N(C1CCN(CCCN3C(=O)NC4=C3C=CC=C4)CC1)C(=O)N2
358,challenge_358,BYPFEZZEUUWMEJ,1.0,3.0,1.0,1.0,2.0,1.0,CN1c2ncn(C)c2C(=O)N(CCCCC(C)=O)C1=O
359,challenge_359,GFNANZIMVAIWHM,1.0,1.0,1.0,1.0,1.0,2.0,CC12CC(O)C3(F)C(CCC4=CC(=O)C=CC34C)C1CC(O)C2(O)C(=O)CO
360,challenge_360,MVWVFYHBGMAFLY,1.0,2.0,1.0,2.0,1.0,1.0,ClC1=CC2=C(CC(=O)N2)C=C1CCN1CCN(CC1)C1=NSC2=C1C=CC=C2
361,challenge_361,PWWVAXIEGOYWEE,2.0,1.0,1.0,1.0,3.0,2.0,CC(CN1C2=C(SC3=C1C=CC=C3)C=CC=C2)N(C)C
362,challenge_362,SDYWXFYBZPNOFX,inf,1.0,1.0,1.0,1.0,9.0,C1=CC(=C(C=C1N)Cl)Cl
363,challenge_363,PZBPKYOVPCNPJY,1.0,1.0,1.0,1.0,1.0,1.0,ClC1=CC=C(C(CN2C=CN=C2)OCC=C)C(Cl)=C1
364,challenge_364,GZUITABIAKMVPG,1.0,1.0,1.0,1.0,1.0,1.0,Oc1ccc(cc1)-c1sc2cc(O)ccc2c1C(=O)c1ccc(OCCN2CCCCC2)cc1
365,challenge_365,MSLICLMCQYQNPK,1.0,2.0,1.0,1.0,4.0,2.0,CC(=O)NC1=CC=C(Br)C=C1
366,challenge_366,ZEUITGRIYCTCEM,1.0,1.0,1.0,1.0,1.0,1.0,CNCC[C@H](Oc1cccc2ccccc12)c1cccs1
367,challenge_367,MBUVEWMHONZEQD,1.0,1.0,1.0,1.0,1.0,1.0,CN1CCCC(CC1)N1N=C(Cc2ccc(Cl)cc2)c2ccccc2C1=O
368,challenge_368,YLAFBGATSQRSTB,2.0,8.0,3.0,4.0,7.0,8.0,BrC1=CC2=C(NC(=O)C=C2)C=C1
369,challenge_369,JMXKCYUTURMERF,4.0,2.0,1.0,1.0,5.0,11.0,CC1CN(CC(C)O1)C1CCCCCCCCCCC1
370,challenge_370,XEGGRYVFLWGFHI,2.0,4.0,1.0,1.0,1.0,2.0,CNC(=O)Oc1cccc2OC(C)(C)Oc12
371,challenge_371,ZZUFCTLCJUWOSV,1.0,1.0,1.0,1.0,1.0,1.0,NS(=O)(=O)c1cc(C(O)=O)c(NCc2ccco2)cc1Cl
372,challenge_372,HQUQLFOMPYWACS,1.0,1.0,1.0,1.0,1.0,1.0,ClCCOP(=O)(OCCCl)OCCCl
373,challenge_373,YBBLVLTVTVSKRW,1.0,1.0,1.0,1.0,1.0,1.0,CC(C)(C#N)c1cc(Cn2cncn2)cc(c1)C(C)(C)C#N
374,challenge_374,BWHOZHOGCMHOBV,1.0,inf,1.0,1.0,19.0,24.0,CC(=O)C=CC1=CC=CC=C1
375,challenge_375,VVUVJGRVEYHIHC,1.0,1.0,1.0,1.0,2.0,1.0,C1CN(CCO1)C1=NC2=CC=CC=C2S1
376,challenge_376,JJHHIJFTHRNPIK,1.0,5.0,1.0,1.0,2.0,1.0,O=S(C1=CC=CC=C1)C1=CC=CC=C1
377,challenge_377,KZTYYGOKRVBIMI,1.0,9.0,1.0,1.0,1.0,2.0,O=S(=O)(C1=CC=CC=C1)C1=CC=CC=C1
378,challenge_378,UPWPIFMHSFSVLE,1.0,2.0,1.0,1.0,1.0,1.0,C1CCC(CC1)NC1=NC2=CC=CC=C2S1
379,challenge_379,OCAPBUJLXMYKEJ,2.0,1.0,1.0,1.0,1.0,1.0,C1=CN(C=N1)C(C1=CC=CC=C1)C1=CC=C(C=C1)C1=CC=CC=C1
380,challenge_380,SYJHSTNDLFUIMT,14.0,8.0,16.0,1.0,1.0,1.0,CC(C)N1C(=O)C(=O)C2=CC(C)=CC=C12
381,challenge_381,VNFPBHJOKIVQEB,1.0,1.0,1.0,1.0,1.0,1.0,Clc1ccccc1C(c1ccccc1)(c1ccccc1)n1ccnc1
382,challenge_382,RDOIQAHITMMDAJ,1.0,1.0,1.0,1.0,1.0,1.0,CN(C)C(=O)C(CCN1CCC(O)(CC1)c1ccc(Cl)cc1)(c1ccccc1)c1ccccc1
383,challenge_383,IPRJXAGUEGOFGG,1.0,5.0,1.0,3.0,1.0,1.0,CCCCNS(=O)(=O)C1=CC=CC=C1
384,challenge_384,BNCADMBVWNPPIZ,1.0,6.0,1.0,1.0,1.0,1.0,COCN(COC)C1=NC(=NC(=N1)N(COC)COC)N(COC)COC
385,challenge_385,HOASVNMVYBSLSU,1.0,1.0,1.0,1.0,1.0,1.0,CCOC1=CC=C2N=C(S)SC2=C1
386,challenge_386,ZKLPARSLTMPFCP,1.0,1.0,1.0,1.0,1.0,1.0,OC(=O)COCCN1CCN(CC1)C(c1ccccc1)c1ccc(Cl)cc1
387,challenge_387,JTHMVYBOQLDDIY,1.0,1.0,1.0,1.0,1.0,1.0,CCCOC1=NN(C(=O)NS(=O)(=O)C2=CC=CC=C2C(=O)OC)C(=O)N1C
388,challenge_388,STEPQTYSZVCJPV,1.0,1.0,1.0,1.0,1.0,1.0,Cc1cccc(C)c1N(Cn1cccn1)C(=O)CCl
389,challenge_389,CXVGEDCSTKKODG,1.0,1.0,1.0,1.0,1.0,1.0,COC1=CC(O)=C(C=C1S(O)(=O)=O)C(=O)C1=CC=CC=C1
390,challenge_390,FLKPEMZONWLCSK,1.0,inf,1.0,1.0,5.0,13.0,CCOC(=O)C1=CC=CC=C1C(=O)OCC
391,challenge_391,SEQDDYPDSLOBDC,1.0,1.0,1.0,1.0,3.0,1.0,CN1c2ccc(Cl)cc2C(=NC(O)C1=O)c1ccccc1
392,challenge_392,ALEXXDVDDISNDU,1.0,1.0,1.0,1.0,5.0,4.0,CC(=O)OCC(=O)[C@@]1(O)CC[C@H]2[C@@H]3CCC4=CC(=O)CC[C@]4(C)[C@H]3[C@@H](O)C[C@]12C
393,challenge_393,SYELZBGXAIXKHU,2.0,1.0,1.0,1.0,3.0,1.0,CCCCCCCCCCCC[N+](C)(C)[O-]
394,challenge_394,PSIFNNKUMBGKDQ,1.0,1.0,1.0,1.0,1.0,1.0,CCCCC1=NC(Cl)=C(CO)N1CC1=CC=C(C=C1)C1=C(C=CC=C1)C1=NNN=N1
395,challenge_395,DSKJPMWIHSOYEA,1.0,1.0,1.0,1.0,1.0,1.0,CCCCC1=C(C)N=C(NCC)N=C1OS(=O)(=O)N(C)C
396,challenge_396,BYBLEWFAAKGYCD,2.0,1.0,1.0,1.0,1.0,4.0,Clc1ccc(COC(Cn2ccnc2)c2ccc(Cl)cc2Cl)c(Cl)c1
397,challenge_397,HPNSFSBZBAHARI,1.0,4.0,1.0,1.0,1.0,1.0,COc1c(C)c2COC(=O)c2c(O)c1C\C=C(/C)CCC(O)=O
398,challenge_398,RLBIQVVOMOPOHC,1.0,1.0,1.0,1.0,1.0,1.0,COP(=S)(OC)Oc1ccc(cc1)[N+]([O-])=O
399,challenge_399,NKANXQFJJICGDU,1.0,1.0,1.0,1.0,1.0,1.0,CC\C(=C(/c1ccccc1)c1ccc(OCCN(C)C)cc1)c1ccccc1
400,challenge_400,GKTWGGQPFAXNFI,1.0,1.0,1.0,1.0,1.0,1.0,COC(=O)C(N1CCc2sccc2C1)c1ccccc1Cl
401,challenge_401,IRCMYGHHKLLGHV,inf,1.0,1.0,1.0,1.0,1.0,CCOC1Oc2ccc(OS(C)(=O)=O)cc2C1(C)C
402,challenge_402,ASMQGLCHMVWBQR,1.0,2.0,1.0,1.0,1.0,1.0,OP(=O)(OC1=CC=CC=C1)OC1=CC=CC=C1
403,challenge_403,MHKLKWCYGIBEQF,inf,1.0,1.0,1.0,1.0,1.0,C1CN(CCO1)SC1=NC2=CC=CC=C2S1
404,challenge_404,VIKNJXKGJWUCNN,1.0,3.0,1.0,2.0,24.0,17.0,CC12CCC3C(CCC4=CC(=O)CCC34)C1CCC2(O)C#C
405,challenge_405,HTQMVQVXFRQIKW,1.0,1.0,1.0,1.0,1.0,1.0,CCOC1=Nc2cccc(C(O)=O)c2N1Cc1ccc(-c2ccccc2C2NN=NN=2)cc1
406,challenge_406,FZUGPQWGEGAKET,9.0,inf,1.0,1.0,4.0,1.0,CCOC(=O)C1=CC=C(C=C1)N(C)C
407,challenge_407,PNVJTZOFSHSLTO,1.0,1.0,1.0,1.0,1.0,1.0,COP(=S)(OC)Oc1ccc(SC)c(C)c1
408,challenge_408,QUDWYFHPNIMBFC,15.0,inf,30.0,2.0,3.0,1.0,C=CCOC(=O)C1=CC=CC=C1C(=O)OCC=C
409,challenge_409,LCGTWRLJTMHIQZ,13.0,inf,1.0,1.0,12.0,12.0,N1C2=CC=CC=C2C=CC2=CC=CC=C12
410,challenge_410,SIGSPDASOTUPFS,3.0,1.0,1.0,2.0,8.0,16.0,CCC12CCC3C(CCC4=CC(=O)CCC34)C1C=CC2(O)C#C
411,challenge_411,RJGDLRCDCYRQOQ,9.0,9.0,10.0,7.0,10.0,11.0,O=C1C2=CC=CC=C2CC2=CC=CC=C12
412,challenge_412,AFYCEAFSNDLKSX,1.0,7.0,1.0,1.0,3.0,6.0,CCN(CC)C1=CC=C2C(C)=CC(=O)OC2=C1
413,challenge_413,MJJALKDDGIKVBE,1.0,1.0,1.0,1.0,1.0,1.0,CC(C)(C)C1=CC=C(C=C1)C(=O)CCCN1CCC(CC1)OC(C1=CC=CC=C1)C1=CC=CC=C1
414,challenge_414,METQSPRSQINEEU,1.0,2.0,1.0,1.0,9.0,3.0,CC12CCC3C(C4CC4C4=CC(=O)CCC34C)C1C1CC1C21CCC(=O)O1
415,challenge_415,VHBFFQKBGNRLFZ,1.0,8.0,1.0,1.0,18.0,4.0,O=C1C=C(OC2=CC=CC=C12)C1=CC=CC=C1
416,challenge_416,UJVLDDZCTMKXJK,2.0,6.0,1.0,1.0,16.0,11.0,CC12CCC3C(C=CC4=CC(=O)CCC34C)C1CCC21CCC(=O)O1
417,challenge_417,CWJSHJJYOPWUGX,2.0,8.0,1.0,4.0,12.0,1.0,CC(C)OC(=O)Nc1cccc(Cl)c1
418,challenge_418,BAZVSMNPJJMILC,1.0,1.0,1.0,1.0,1.0,1.0,CC(C)(C)C(O)C(Oc1ccc(Cl)cc1)n1cncn1
419,challenge_419,PVHUJELLJLJGLN,1.0,5.0,1.0,2.0,1.0,2.0,CCOC(=O)C1=C(C)NC(C)=C(C1C1=CC=CC(=C1)[N+]([O-])=O)C(=O)OC
420,challenge_420,OUXMJRMYZCEVKO,1.0,4.0,1.0,1.0,1.0,2.0,CC1=NC2=C(S1)C=CC1=CC=CC=C21
421,challenge_421,WWYNJERNGUHSAO,1.0,2.0,1.0,3.0,14.0,29.0,CCC12CCC3C(CCC4=CC(=O)CCC34)C1CCC2(O)C#C
422,challenge_422,RGOVYLWUIBMPGK,1.0,2.0,1.0,2.0,2.0,8.0,CCCCCCCCC(=O)NCC1=CC=C(O)C(OC)=C1
423,challenge_423,DUSHUSLJJMDGTE,1.0,1.0,1.0,2.0,1.0,1.0,CC(=O)C1(O)CCC2C3C=C(Cl)C4=CC(=O)C5CC5C4(C)C3CCC12C
424,challenge_424,NXXNVJDXUHMAHU,4.0,2.0,1.0,1.0,1.0,2.0,CC(=O)C1=C2C=CC=CC2=CC2=CC=CC=C12
425,challenge_425,ACWBQPMHZXGDFX,1.0,1.0,1.0,1.0,1.0,1.0,CCCCC(=O)N(CC1=CC=C(C=C1)C1=CC=CC=C1C1=NNN=N1)[C@@H](C(C)C)C(O)=O
426,challenge_426,UFEODZBUAFNAEU,1.0,1.0,1.0,1.0,1.0,1.0,CO\N=C(\C1=NOCCO1)C1=C(OC2=C(F)C(OC3=C(Cl)C=CC=C3)=NC=N2)C=CC=C1
427,challenge_427,VVBLNCFGVYUYGU,1.0,inf,1.0,1.0,4.0,10.0,CN(C)C1=CC=C(C=C1)C(=O)C2=CC=C(C=C2)N(C)C
428,challenge_428,QQQYTWIFVNKMRW,1.0,1.0,1.0,1.0,1.0,1.0,FC1=CC=CC(F)=C1C(=O)NC(=O)NC1=CC=C(Cl)C=C1
429,challenge_429,UIFAWZBYTTXSOG,3.0,4.0,1.0,1.0,4.0,1.0,CC(=O)C1=CC2=CC=CC=C2C2=CC=CC=C12
430,challenge_430,GJPICJJJRGTNOD,1.0,1.0,1.0,1.0,1.0,1.0,COC1=CC=CC=C1OC1=C(OCCO)N=C(N=C1NS(=O)(=O)C1=CC=C(C=C1)C(C)(C)C)C1=NC=CC=N1
431,challenge_431,RZEKVGVHFLEQIL,1.0,1.0,1.0,1.0,1.0,1.0,CC1=CC=C(C=C1)C1=CC(=NN1C1=CC=C(C=C1)S(N)(=O)=O)C(F)(F)F
432,challenge_432,JGMOKGBVKVMRFX,5.0,inf,2.0,15.0,23.0,15.0,CC(=O)[C@H]1CC[C@H]2[C@@H]3C=CC4=CC(=O)CC[C@@]4(C)[C@@H]3CC[C@]12C
433,challenge_433,FRQMUZJSZHZSGN,inf,inf,1.0,4.0,88.0,125.0,CC1CC2C3CCC(O)(C(C)=O)C3(C)CCC2C2(C)CCC(=O)C=C12
434,challenge_434,ZNNLBTZKUZBEKO,1.0,1.0,1.0,1.0,1.0,1.0,COC1=C(C=C(Cl)C=C1)C(=O)NCCC1=CC=C(C=C1)S(=O)(=O)NC(=O)NC1CCCCC1
435,challenge_435,QHOQHJPRIBSPCY,1.0,1.0,1.0,1.0,1.0,1.0,CCN(CC)c1nc(C)cc(OP(=S)(OC)OC)n1
436,challenge_436,HJUFTIJOISQSKQ,inf,3.0,1.0,1.0,1.0,1.0,CCOC(=O)NCCOC1=CC=C(OC2=CC=CC=C2)C=C1
437,challenge_437,RQZAXGRLVPAYTJ,1.0,inf,1.0,3.0,6.0,23.0,CC(=O)O[C@@]1(CC[C@H]2[C@@H]3C=C(C)C4=CC(=O)CC[C@]4(C)[C@H]3CC[C@]12C)C(C)=O
438,challenge_438,IBSNKSODLGJUMQ,inf,1.0,1.0,1.0,1.0,1.0,COC=C(C(=O)OC)C1=CC=CC=C1COC1=CC=CC(=N1)C(F)(F)F
439,challenge_439,XUKUURHRXDUEBC,1.0,1.0,1.0,1.0,1.0,1.0,CC(C)c1c(C(=O)Nc2ccccc2)c(c(-c2ccc(F)cc2)n1CC[C@@H](O)C[C@@H](O)CC(O)=O)-c1ccccc1
440,challenge_440,PSGAAPLEWMOORI,inf,inf,1.0,3.0,18.0,12.0,C[C@H]1C[C@H]2[C@@H]3CC[C@](OC(C)=O)(C(C)=O)[C@@]3(C)CC[C@@H]2[C@@]2(C)CCC(=O)C=C12
441,challenge_441,WIGIZIANZCJQQY,1.0,1.0,1.0,1.0,1.0,1.0,CCC1=C(C)CN(C(=O)NCCC2=CC=C(C=C2)S(=O)(=O)NC(=O)NC2CCC(C)CC2)C1=O
442,challenge_442,ASLWPAWFJZFCKF,2.0,3.0,1.0,1.0,2.0,1.0,O=P(OC(CCl)CCl)(OC(CCl)CCl)OC(CCl)CCl
443,challenge_443,FSAVDKDHPDSCTO,1.0,1.0,1.0,1.0,1.0,1.0,CCOP(=O)(OCC)O\C(=C/Cl)c1ccc(Cl)cc1Cl
444,challenge_444,JOOMJVFZQRQWKR,1.0,1.0,1.0,1.0,1.0,1.0,CCOC(=O)c1cn2nc(OP(=S)(OCC)OCC)cc2nc1C
445,challenge_445,AOMUHOFOVNGZAN,1.0,2.0,1.0,1.0,2.0,1.0,CCCCCCCCCCCC(=O)N(CCO)CCO
446,challenge_446,BYFIUFNRSNKODH,1.0,1.0,3.0,2.0,1.0,1.0,c1cnc2c(c1)cc1ccc3cccc4ccc2c1c34
447,challenge_447,HRKAMJBPFPHCSD,2.0,2.0,3.0,1.0,3.0,2.0,CC(C)COP(=O)(OCC(C)C)OCC(C)C
448,challenge_448,MMBILEWCGWTAOV,1.0,7.0,1.0,1.0,5.0,1.0,CCCCCCCCCCCC(=O)NCC(C)O
449,challenge_449,RDUJRVXKAIVTDH,1.0,1.0,1.0,1.0,2.0,1.0,OC1=CC=C2C=CC=CC2=C1N=NC1=CC=C(C=C1)S(O)(=O)=O
450,challenge_450,YMTINGFKWWXKFG,1.0,1.0,1.0,1.0,1.0,1.0,CC(C)OC(=O)C(C)(C)Oc1ccc(cc1)C(=O)c1ccc(Cl)cc1
451,challenge_451,CHIFOSRWCNZCFN,inf,2.0,1.0,1.0,1.0,1.0,CCC(CC)Nc1c(cc(C)c(C)c1[N+]([O-])=O)[N+]([O-])=O
452,challenge_452,RIZMRRKBZQXFOY,1.0,inf,1.0,1.0,1.0,1.0,CCOP(=S)(OCC)SCSP(=S)(OCC)OCC
453,challenge_453,YSMRWXYRXBRSND,4.0,1.0,4.0,2.0,1.0,4.0,CC1=C(OP(=O)(OC2=C(C)C=CC=C2)OC2=C(C)C=CC=C2)C=CC=C1
454,challenge_454,VOWAEIGWURALJQ,1.0,inf,1.0,1.0,2.0,1.0,O=C(OC1CCCCC1)C1=CC=CC=C1C(=O)OC1CCCCC1
455,challenge_455,RYLHNOVXKPXDIP,1.0,1.0,1.0,1.0,1.0,1.0,FC1=CC(OC2=CC=C(C=C2Cl)C(F)(F)F)=CC=C1NC(=O)NC(=O)C1=C(F)C=CC=C1F
456,challenge_456,RSWGJHLUYNHPMX,13.0,inf,1.0,1.0,41.0,126.0,CC(C)C1=CC2=CC[C@@H]3[C@](C)(CCC[C@@]3(C)C(O)=O)[C@H]2CC1
457,challenge_457,AHLBNYSZXLDEJQ,1.0,4.0,3.0,4.0,2.0,1.0,CCCCCCCCCCC[C@@H](C[C@@H]1OC(=O)[C@H]1CCCCCC)OC(=O)[C@H](CC(C)C)NC=O
458,challenge_458,PYVRVRFVLRNJLY,1.0,5.0,4.0,5.0,2.0,1.0,CCCCCCCC/C=C\CCCCCCCC(=O)OC[C@@H](O)COP(=O)(O)OCCN
459,challenge_459,FCCDDURTIIUXBY,1.0,1.0,1.0,1.0,1.0,1.0,N=C(O)CCCCC1CCSS1
460,challenge_460,ONJSZLXSECQROL,inf,inf,3.0,3.0,2.0,3.0,O=C(O)CN=C(O)c1ccccc1O
461,challenge_461,FBTSQILOGYXGMD,inf,inf,1.0,1.0,3.0,1.0,N[C@@H](Cc1ccc(O)c([N+](=O)[O-])c1)C(=O)O
462,challenge_462,LDCYZAJDBXYCGN,inf,inf,2.0,2.0,2.0,6.0,NC(Cc1c[nH]c2ccc(O)cc12)C(=O)O
463,challenge_463,CFFZDZCDUFSOFZ,inf,inf,5.0,10.0,4.0,11.0,O=C(O)Cc1ccc(O)c(O)c1
464,challenge_464,QYSXJUFSXHHAJI,1.0,5.0,1.0,19.0,5.0,46.0,C=C1CC[C@H](O)C/C1=C/C=C1\CCC[C@@]2(C)[C@H]1CC[C@@H]2[C@H](C)CCCC(C)C
465,challenge_465,CZMRCDWAGMRECN,inf,inf,5.0,2.0,20.0,65.0,OC[C@H]1O[C@H](O[C@]2(CO)O[C@H](CO)[C@@H](O)[C@@H]2O)[C@H](O)[C@@H](O)[C@@H]1O
466,challenge_466,RWSXRVCMGQZWBV,inf,1.0,1.0,1.0,1.0,1.0,NC(CCC(O)=NC(CS)C(O)=NCC(=O)O)C(=O)O
467,challenge_467,UDMBCSSLTHHNCD,inf,6.0,3.0,3.0,5.0,1.0,Nc1ncnc2c1ncn2[C@@H]1O[C@H](COP(=O)(O)O)[C@@H](O)[C@H]1O
468,challenge_468,ZFXYFBGIUFBOJW,inf,7.0,1.0,1.0,3.0,1.0,Cn1c(=O)c2nc[nH]c2n(C)c1=O
469,challenge_469,NUXSIDPKKIEIMI,1.0,3.0,2.0,1.0,5.0,3.0,N[C@@H](CCCCNCC(=O)O)C(=O)O
470,challenge_470,BHMBVRSPMRCCGG,inf,inf,1.0,3.0,101.0,8.0,CCCCC[C@H](O)/C=C/[C@H]1C(=O)C[C@H](O)[C@@H]1C/C=C\CCCC(=O)O
471,challenge_471,DMJYNLHZLIZUQE,1.0,7.0,28.0,26.0,4.0,5.0,CC1NC(C(=O)O)Cc2cc(O)c(O)cc21
472,challenge_472,ZUPHXNBLQCSEIA,inf,1.0,1.0,1.0,2.0,2.0,CC1NC(C(=O)O)Cc2c1[nH]c1ccccc21
473,challenge_473,UMOXFSXIFQOWTD,1.0,1.0,1.0,1.0,1.0,1.0,N=C(N)NCCC[C@H](N=C(O)CCC(=O)O)C(=O)O
474,challenge_474,FUHQSEOSBHASCH,1.0,1.0,1.0,1.0,1.0,1.0,CSC1=NC[C@]2(S1)C(O)=Nc1ccccc12
475,challenge_475,ZHDBTKPXEJDTTQ,inf,1.0,1.0,1.0,1.0,2.0,[O-][n+]1ccccc1SSc1cccc[n+]1[O-]
476,challenge_476,HPDHKHMHQGCNPE,1.0,3.0,1.0,1.0,5.0,1.0,C/C=C1\C[C@@H](C)[C@@](C)(O)C(=O)OC/C2=C/CN(C)CCC(OC1=O)C2=O
477,challenge_477,VFIXONREXXFDQV,inf,3.0,15.0,14.0,7.0,26.0,CC1(C)C=Cc2c(ccc3cc(-c4ccc(O)cc4O)c(=O)oc23)O1
478,challenge_478,KDYWOWVAVXEYRU,3.0,1.0,22.0,21.0,18.0,10.0,COc1ccc2c(c1O)[C@]13CCN(C)[C@](O)(C1)C(=O)C=C3C=C2
479,challenge_479,HUKSJTUUSUGIDC,1.0,inf,1.0,1.0,95.0,19.0,Oc1ccc2c(c1)OC[C@H]1c3cc4c(cc3O[C@@H]21)OCO4
480,challenge_480,ZSJLQEPLLKMAKR,1.0,1.0,1.0,1.0,2.0,1.0,CN(N=O)C(O)=N[C@H]1[C@@H](O)O[C@H](CO)[C@@H](O)[C@@H]1O
481,challenge_481,CEAZRRDELHUEMR,1.0,1.0,1.0,1.0,1.0,4.0,CNC(C)C1CCC(N)C(OC2C(N)CC(N)C(OC3OCC(C)(O)C(NC)C3O)C2O)O1
482,challenge_482,YKRGDOXKVOZESV,8.0,inf,18.0,29.0,20.0,34.0,C[C@@]12C[C@@]3(O)O[C@@H](O1)[C@]1(COC(=O)c4ccccc4)[C@H]3C[C@]21O[C@@H]1O[C@H](CO)[C@@H](O)[C@H](O)[C@H]1O
483,challenge_483,BOJKULTULYSRAS,1.0,inf,1.0,1.0,33.0,249.0,C=C1CC[C@H]2[C@@](C)(CC[C@@H](O)[C@@]2(C)CO)[C@@H]1C/C=C1/C(=O)OC[C@H]1O
484,challenge_484,CTUJEHJOZXGIIE,1.0,inf,2.0,26.0,11.0,5.0,COc1cc(O)c(CC=C(C)C)c2c1C(=O)C(O)C(c1ccc(O)cc1)O2
485,challenge_485,GLCGPUDWOPXBAY,inf,inf,inf,inf,inf,inf,C[N+]1(C)[C@H]2Cc3cc4c(cc3[C@@H]1Cc1cc3c(cc12)COC3)OCO4.[Cl-]
486,challenge_486,HFGSQOYIOKBQOW,1.0,inf,1.0,1.0,68.0,48.0,C[C@@H]1C2C3=CCC4[C@@]5(C)C[C@@H](O)[C@@H](O)C(C)(C)C5CC[C@@]4(C)[C@]3(C)CC[C@@]2(C(=O)O)CC[C@H]1C
487,challenge_487,XFDQJKDGGOEYPI,1.0,inf,1.0,1.0,inf,1.0,COc1cc(-c2[o+]c3cc(O)cc(O)c3cc2O)ccc1O
488,challenge_488,HEFNNWSXXWATRW,inf,6.0,1.0,1.0,1.0,2.0,CC(C)Cc1ccc(C(C)C(=O)O)cc1
489,challenge_489,RZEKVGVHFLEQIL,1.0,1.0,1.0,1.0,1.0,1.0,Cc1ccc(-c2cc(C(F)(F)F)nn2-c2ccc(S(N)(=O)=O)cc2)cc1
490,challenge_490,AAKJLRGGTJKAMG,1.0,3.0,1.0,1.0,1.0,1.0,C#Cc1cccc(Nc2ncnc3cc(OCCOC)c(OCCOC)cc23)c1
491,challenge_491,JXJNPXPDKYRHJT,6.0,3.0,1.0,1.0,1.0,31.0,O=C(O)C(Cc1ccc(O)cc1)C(=O)O
492,challenge_492,ILFYYSUCZQEGOL,inf,inf,1.0,inf,inf,inf,N#CCCP(=O)(CCC#N)CCC#N
493,challenge_493,SGDBTWWWUNNDEQ,1.0,1.0,2.0,2.0,2.0,1.0,N[C@@H](Cc1ccc(N(CCCl)CCCl)cc1)C(=O)O
494,challenge_494,JEYWNNAZDLFBFF,inf,1.0,1.0,1.0,1.0,1.0,COc1ccc2c(c1)CCC(c1ccccc1)=C2c1ccc(OCCN2CCCC2)cc1
495,challenge_495,RLJFTICUTYVZDG,1.0,5.0,1.0,1.0,1.0,1.0,CSc1ccc2c(c1)C(N1CCN(C)CC1)Cc1ccccc1S2
496,challenge_496,IISBACLAFKSPIT,inf,inf,1.0,1.0,1.0,72.0,CC(C)(c1ccc(O)cc1)c1ccc(O)cc1
497,challenge_497,VEUZZDOCACZPRY,1.0,1.0,1.0,2.0,1.0,2.0,O=c1oc2ccccc2c(O)c1C1CC(c2ccc(-c3ccc(Br)cc3)cc2)Cc2ccccc21
498,challenge_498,VYMDGNCVAMGZFE,1.0,7.0,1.0,2.0,2.0,1.0,CCCCC1C(=O)N(c2ccccc2)N(c2ccccc2)C1=O
