Group,ProductName,CAS Number,M.Wt,Formula,Detected MS/MS,Smiles
1,3'-Hydroxypterostilbene,475231-21-1,272.3,C16H16O4,TRUE,COC1=CC(/C=C/C2=CC=C(O)C(O)=C2)=CC(OC)=C1
1,Pinostrobin chalcone,18956-15-5,270.28,C16H14O4,TRUE,O=C(C1=C(C=C(OC)C=C1O)O)/C=C/C2=CC=CC=C2
1,Decursin,5928-25-6,328.36,C19H20O5,TRUE,C/C(C)=C\C(O[C@H](C(C)(C)O1)CC2=C1C=C(O3)C(C=CC3=O)=C2)=O
1,Rapanone,573-40-0,322.44,C19H30O4,FALSE,O=C1C(O)=C(CCCCCCCCCCCCC)C(C(O)=C1)=O
1,Calycosin,20575-57-9,284.26,C16H12O5,TRUE,O=C1C(C2=CC=C(OC)C(O)=C2)=COC3=CC(O)=CC=C13
1,Palmatine (hydroxide),131-04-4,369.41,C21H23NO5,FALSE,COC(C=C1C2=CC3=CC=C4OC)=C(C=C1CC[N+]2=CC3=C4OC)OC.[OH-]
1,(-)-Cedrene,469-61-4,204.35,C15H24,FALSE,C[C@H]1[C@]2(C[C@H]3C(C)=CC2)[C@](CC1)([H])C3(C)C
1,Britannin,33627-28-0,366.41,C19H26O7,FALSE,C[C@]12[C@@]([C@@H](C[C@@](O3)([H])[C@](C(C3=O)=C)([H])[C@@H]2OC(C)=O)C)([H])[C@@H](OC(C)=O)C[C@@H]1O
1,Cinchonine,118-10-5,294.39,C19H22N2O,TRUE,O[C@@H](C1=CC=NC2=CC=CC=C12)[C@]3([H])[N@@]4C[C@H](C=C)[C@@H](CC4)C3
1,(-)-Catechin,18829-70-4,290.27,C15H14O6,TRUE,O[C@H]1[C@H](C2=CC=C(O)C(O)=C2)OC3=CC(O)=CC(O)=C3C1
1,Diffractaic acid,436-32-8,374.38,C20H22O7,TRUE,O=C(OC1=CC(C)=C(C(O)=O)C(O)=C1C)C2=C(C)C=C(OC)C(C)=C2OC
1,7-Ethylcamptothecin,78287-27-1,376.41,C22H20N2O4,TRUE,O=C1[C@](O)(CC)C2=C(CO1)C(N3CC4=C(CC)C5=CC=CC=C5N=C4C3=C2)=O
1,Imperialine 3-Î²-D-glucoside,67968-40-5,591.78,C33H53NO8,TRUE,C[C@]1([C@]2([H])C[C@@H](O[C@]3([H])O[C@@H]([C@@H](O)[C@H](O)[C@H]3O)CO)CC1)[C@]4([H])[C@](CC2=O)([H])[C@@]5([H])[C@@]([C@@]6([H])[C@@]([C@](O)([C@@]7([H])N(C[C@@H](C)CC7)C6)C)([H])CC5)([H])C4
1,Paederosidic acid,18842-98-3,464.44,C18H24O12S,FALSE,OC[C@H]([C@@H](O)[C@H](O)[C@H]1O)O[C@@]1([H])O[C@H]2[C@@]3([H])[C@@]([C@@H](O)C=C3COC(SC)=O)([H])C(C(O)=O)=CO2
1,Cinnamtannin B-1,88082-60-4,864.76,C45H36O18,TRUE,O[C@H]1[C@@H](C2=CC=C(O)C(O)=C2)OC3=C4C(O[C@]5(C6=CC=C(O)C(O)=C6)OC7=CC(O)=CC(O)=C7[C@@]4([H])[C@H]5O)=CC(O)=C3[C@@H]1C8=C9C(C[C@@H](O)[C@@H](C%10=CC=C(O)C(O)=C%10)O9)=C(O)C=C8O
1,Ferulic acid (sodium),24276-84-4,216.17,C10H9NaO4,TRUE,O=C(O[Na])/C=C/C1=CC=C(O)C(OC)=C1
1,1-Methyl-2-pentyl-4(1H)-quinolinone,22048-98-2,229.32,C15H19NO,TRUE,O=C1C=C(CCCCC)N(C)C2=C1C=CC=C2
1,Kushenol A,99217-63-7,408.49,C25H28O5,TRUE,O=C1C[C@@H](C2=CC=CC=C2O)OC3=C(C[C@H](C(C)=C)C/C=C(C)\C)C(O)=CC(O)=C13
1,Emodin-8-glucoside,23313-21-5,432.38,C21H20O10,FALSE,O=C1C2=C(C=C(C)C=C2O)C(C3=CC(O)=CC(O[C@H]4[C@@H]([C@H]([C@@H]([C@@H](CO)O4)O)O)O)=C13)=O
1,Tectol,24449-39-6,450.53,C30H26O4,FALSE,OC1=C(C=CC=C2)C2=C(O3)C(C=CC3(C)C)=C1C4=C(C=CC5(C)C)C(O5)=C6C(C=CC=C6)=C4O
1,Berberine (chloride hydrate),68030-18-2,389.83,C20H20ClNO5,FALSE,COC1=C(OC)C2=C[N+]3=C(C(C(CC3)=C4)=CC5=C4OCO5)C=C2C=C1.[Cl-].O
1,Santacruzamate A,1477949-42-0,278.35,C15H22N2O3,TRUE,O=C(OCC)NCCCC(NCCC1=CC=CC=C1)=O
1,Gypenoside XLVI,94705-70-1,963.15,C48H82O19,FALSE,C[C@]12[C@@](C[C@H]([C@@]3([H])[C@]2(CC[C@]3([H])[C@@](CC/C=C(C)/C)(C)O[C@@H]4O[C@@H]([C@H]([C@@H]([C@H]4O)O)O)CO)C)O)([H])[C@@]5([C@@](C(C)([C@H]([C@@H](C5)O)O[C@H]6[C@@H]([C@H]([C@@H]([C@H](O6)CO)O)O)O[C@@H]7O[C@@H]([C@H]([C@@H]([C@H]7O)O)O)CO)C)([H])CC1)C
1,Epirosmanol,93380-12-2,346.42,C20H26O5,TRUE,O=C1O[C@]2([H])[C@H](O)C3=C(C(O)=C(O)C(C(C)C)=C3)[C@@]41CCCC(C)(C)[C@]24[H]
1,Yadanziolide A,95258-14-3,426.41,C20H26O10,TRUE,O[C@@]1([C@H]2O)[C@@]34[C@@]([C@@H](O)[C@H](O)[C@]1(OC4)CO)([H])[C@]([C@@](C(C)=CC5=O)([H])C[C@@]3([H])OC2=O)([C@@H]5O)C
1,Mogroside IV-E,88915-64-4,1125.29,C54H92O24,FALSE,C[C@]12[C@](CC=C3[C@@]2([H])CC[C@H](O[C@]4([H])O[C@@H]([C@@H](O)[C@H](O)[C@H]4O)CO[C@@H]5O[C@@H]([C@@H](O)[C@H](O)[C@H]5O)CO)C3(C)C)([H])[C@]6([C@@](C)([C@]([C@H](C)CC[C@H](C(C)(O)C)O[C@H]7[C@@H]([C@H]([C@H](O)[C@@H](CO)O7)O)O[C@]8([H])O[C@@H]([C@@H](O)[C@H](O)[C@H]8O)CO)([H])CC6)C[C@H]1O)C
1,Rottlerin,1982/8/6,516.54,C30H28O8,TRUE,O=C(C1=C2C(C=CC(C)(C)O2)=C(O)C(CC3=C(O)C(C)=C(O)C(C(C)=O)=C3O)=C1O)/C=C/C4=CC=CC=C4
1,Dehydroandrographolide succinate,786593-06-4,532.58,C28H36O10,FALSE,O=C(OC[C@]1(C)[C@H](OC(CCC(O)=O)=O)CC[C@@]2(C)[C@H](/C=C/C3=CCOC3=O)C(CC[C@]12[H])=C)CCC(O)=O
1,Aspidin BB,584-28-1,460.52,C25H32O8,TRUE,CCCC(C1=C(C(C)(C)C(O)=C(CC2=C(O)C(C(CCC)=O)=C(OC)C(C)=C2O)C1=O)O)=O
1,Flavokawain C,37308-75-1,300.31,C17H16O5,TRUE,O=C(C1=C(OC)C=C(OC)C=C1O)/C=C/C2=CC=C(O)C=C2
1,Zingerone,122-48-5,194.23,C11H14O3,FALSE,COC1=C(O)C=CC(CCC(C)=O)=C1
1,Cabazitaxel,183133-96-2,835.93,C45H57NO14,TRUE,CC1=C([C@@H](OC)C([C@@]2(C)[C@@]3([H])[C@](OC(C)=O)(CO4)[C@H]4C[C@@H]2OC)=O)C(C)(C)[C@@]([C@H]3OC(C5=CC=CC=C5)=O)(O)C[C@@H]1OC([C@H](O)[C@H](C6=CC=CC=C6)NC(OC(C)(C)C)=O)=O
1,1-Monopalmitin,542-44-9,330.51,C19H38O4,FALSE,OC(CO)COC(CCCCCCCCCCCCCCC)=O
1,Catharanthine (Tartrate),4168-17-6,486.51,C25H30N2O8,FALSE,O=C([C@@]1(C2=C3C(C=CC=C4)=C4N2)[C@](C(CC)=C5)([H])[N@](CC3)C[C@]5([H])C1)OC.O[C@@H](C(O)=O)[C@H](C(O)=O)O
1,Vindoline,2182-14-1,456.53,C25H32N2O6,TRUE,CC[C@@]1(C=CCN2CC3)[C@@]2([H])[C@@]3(C4=CC=C(OC)C=C4N5C)[C@]5([H])[C@](C(OC)=O)(O)[C@@H]1OC(C)=O
1,Gnetol,86361-55-9,244.24,C14H12O4,TRUE,OC1=CC=CC(O)=C1/C=C/C2=CC(O)=CC(O)=C2
1,Ilexgenin A,108524-94-3,502.68,C30H46O6,TRUE,C[C@@]12C([C@@]3([H])[C@@](CC2)(CC[C@H]([C@]3(O)C)C)C(O)=O)=CC[C@@]4([H])[C@]1(CC[C@]5([H])[C@@]4(CC[C@@H]([C@]5(C)C(O)=O)O)C)C
1,Linamarin,554-35-8,247.25,C10H17NO6,FALSE,CC(O[C@H]1[C@H](O)[C@@H](O)[C@H](O)[C@H](O1)CO)(C#N)C
1,10-Deacetyltaxol,78432-77-6,811.87,C45H49NO13,TRUE,CC(O[C@]12[C@@]([C@]3([C@@H](O)C[C@@]1([H])OC2)C)([H])[C@@H]([C@]4(C(C)(C([C@@H](O)C3=O)=C(C)[C@@H](OC([C@H](O)[C@H](C5=CC=CC=C5)NC(C6=CC=CC=C6)=O)=O)C4)C)O)OC(C7=CC=CC=C7)=O)=O
1,Aristolochic acid A,313-67-7,341.27,C17H11NO7,FALSE,OC(C1=CC2=C(OCO2)C3=C4C(C(OC)=CC=C4)=CC([N+]([O-])=O)=C31)=O
1,Isookanin,1036-49-3,288.25,C15H12O6,TRUE,O=C1C[C@@H](C2=CC=C(O)C(O)=C2)OC3=C(O)C(O)=CC=C13
1,3'-â€‹O-â€‹Acetylhamaudol,30358-88-4,318.32,C17H18O6,TRUE,OC1=C(C[C@H](OC(C)=O)C(C)(C)O2)C2=CC(OC(C)=C3)=C1C3=O
1,Capsaicin,404-86-4,305.41,C18H27NO3,TRUE,CC(C)/C=C/CCCCC(NCC1=CC=C(O)C(OC)=C1)=O
1,Englerin A,1094250-15-3,442.54,C26H34O6,FALSE,O=C(O[C@@H]1[C@]2(C(C)C)C[C@@H](OC(CO)=O)[C@](O2)(C)[C@]3([H])CC[C@@H](C)[C@@]13[H])/C=C/C4=CC=CC=C4
1,L-Chicoric Acid,70831-56-0,474.37,C22H18O12,FALSE,O=C(O[C@@H](C(O)=O)[C@H](C(O)=O)OC(/C=C/C1=CC=C(O)C(O)=C1)=O)/C=C/C2=CC=C(O)C(O)=C2.[Rotation(-)]
1,Terrestrosin D,179464-23-4,1049.16,C50H80O23,FALSE,C[C@@]12[C@]3([H])[C@](O[C@]4(CC[C@@H](C)CO4)[C@H]3C)([H])C[C@@]1([H])[C@@]5([H])[C@]([C@@]6([C@@](C[C@@H](O[C@]7([H])O[C@@H]([C@H](O[C@@]8([H])[C@@H]([C@H]([C@H](O)[C@@H](CO)O8)O[C@@]9([H])[C@@H]([C@H]([C@H](O)CO9)O)O)O[C@]%10([H])O[C@@H]([C@H](O)[C@H](O)[C@H]%10O)CO)[C@H](O)[C@H]7O)CO)CC6)([H])CC5)C)([H])CC2=O
1,Damulin A,1202868-74-3,783,C42H70O13,TRUE,O[C@@H]([C@@H]([C@@H](CO)O1)O)[C@@H](O[C@H]2[C@@H]([C@H]([C@@H]([C@@H](CO)O2)O)O)O)[C@@H]1O[C@H]3[C@H](O)C[C@]4(C)[C@@]5([H])C[C@@H](O)[C@@H]6[C@@H](/C(C)=C/C/C=C(C)\C)CC[C@@]6(C)[C@@](C)5CC[C@@]4([H])C3(C)C
1,Hibifolin,55366-56-8,494.36,C21H18O14,TRUE,O[C@H]([C@H]([C@@H]([C@@H](C(O)=O)O1)O)O)[C@@H]1OC2=C3C(C(C(O)=C(C4=CC=C(O)C(O)=C4)O3)=O)=C(O)C=C2O
1,2-Hydroxyanthraquinone,605-32-3,224.21,C14H8O3,FALSE,OC1=CC2=C(C(C3=CC=CC=C3C2=O)=O)C=C1
1,Hesperidin,520-26-3,610.56,C28H34O15,TRUE,OC1=C(OC)C=CC([C@@H]2CC(C3=C(C=C(O[C@@H]4O[C@H](CO[C@@H]5O[C@@H](C)[C@H](O)[C@@H](O)[C@H]5O)[C@@H](O)[C@H](O)[C@H]4O)C=C3O)O2)=O)=C1
2,"3',4'-Dimethoxyflavone",4143-62-8,282.29,C17H14O4,TRUE,O=C1C=C(C2=CC=C(OC)C(OC)=C2)OC3=CC=CC=C13
2,Deoxyshikonin,43043-74-9,272.3,C16H16O4,TRUE,O=C1C(CC/C=C(C)/C)=CC(C2=C1C(O)=CC=C2O)=O
2,Lucidin,478-08-0,270.24,C15H10O5,TRUE,O=C1C2=C(C=CC=C2)C(C3=CC(O)=C(CO)C(O)=C13)=O
2,Norartocarpetin,520-30-9,286.24,C15H10O6,TRUE,O=C1C=C(C2=CC=C(O)C=C2O)OC3=CC(O)=CC(O)=C13
2,10-Methoxycamptothecin,19685-10-0,378.38,C21H18N2O5,TRUE,O=C1[C@](O)(CC)C2=C(CO1)C(N3CC4=CC5=CC(OC)=CC=C5N=C4C3=C2)=O
2,Pseudolaric Acid B,82508-31-4,432.46,C23H28O8,FALSE,O=C(C1=CC[C@@]([C@@](CC1)(OC(C)=O)[C@]2([H])[C@@](C)(/C=C/C=C(C(O)=O)\C)O3)(CC2)C3=O)OC
2,beta-Mangostin,20931-37-7,424.49,C25H28O6,TRUE,C1(=O)C2=C(C=C(O)C(OC)=C2C/C=C(/C)\C)OC2=C1C(O)=C(C/C=C(/C)\C)C(OC)=C2
2,Saikosaponin B1,58558-08-0,780.98,C42H68O13,FALSE,OC[C@@]1(C)[C@]2([H])CC[C@@]3(C)[C@]4(C)C[C@H](O)[C@@]5(CO)CCC(C)(C)CC5=C4C=C[C@]3([H])[C@@]2(C)CC[C@@H]1O[C@]6([H])O[C@H](C)[C@H](O)[C@H](O[C@]7([H])O[C@H](CO)[C@@H](O)[C@H](O)[C@H]7O)[C@H]6O
2,Pinostilbene,42438-89-1,242.27,C15H14O3,FALSE,OC(C=C1)=CC=C1/C=C/C2=CC(OC)=CC(O)=C2
2,Mogroside IV-A,88901-41-1,1125.29,C54H92O24,TRUE,C[C@]12[C@](CC=C3[C@@]2([H])CC[C@H](O[C@]4([H])O[C@@H]([C@@H](O)[C@H](O)[C@H]4O)CO[C@@H]5O[C@@H]([C@@H](O)[C@H](O)[C@H]5O)CO)C3(C)C)([H])[C@]6([C@@](C)([C@]([C@H](C)CC[C@H](C(C)(O)C)O[C@@H]7O[C@@H]([C@@H](O)[C@H](O)[C@H]7O)CO[C@@H]8O[C@@H]([C@@H](O)[C@H](O)[C@H]8O)CO)([H])CC6)C[C@H]1O)C
2,Morin,480-16-0,302.24,C15H10O7,TRUE,O=C1C(O)=C(C2=CC=C(O)C=C2O)OC3=CC(O)=CC(O)=C13
2,Flavanone,487-26-3,224.25,C15H12O2,TRUE,O=C1CC(C2=CC=CC=C2)OC3=CC=CC=C13
2,5-Hydroxyflavone,491-78-1,238.24,C15H10O3,TRUE,O=C1C=C(C2=CC=CC=C2)OC3=CC=CC(O)=C13
2,8-Epixanthatin,30890-35-8,246.3,C15H18O3,TRUE,C=C1[C@](CC=C2/C=C/C(C)=O)([H])[C@@](OC1=O)([H])C[C@@H]2C
2,Menthol,1490-04-6,156.27,C10H20O,FALSE,OC1C(C(C)C)CCC(C)C1
2,"Kauran-16,17-diol",16836-31-0,306.48,C20H34O2,FALSE,C[C@]1(CCC2)[C@@]3([H])[C@](C[C@H]4CC3)(CC[C@]1([H])C2(C)C)C[C@]4(O)CO
2,Î²-Elemene,515-13-9,204.35,C15H24,FALSE,CC([C@H]1[C@@](C)(CC[C@@H](C(C)=C)C1)C=C)=C
2,Benzyl isothiocyanate,622-78-6,149.21,C8H7NS,FALSE,S=C=NCC1=CC=CC=C1
2,(20R)-Protopanaxadiol,7755/1/3,460.73,C30H52O3,FALSE,C[C@]([C@@](C[C@H]1O)([H])[C@]2(CC[C@@H]3O)C)(CC[C@@]2([H])C3(C)C)[C@]4([C@@]1([H])[C@]([C@](C)(O)CC/C=C(C)/C)([H])CC4)C
2,Folic acid,59-30-3,441.4,C19H19N7O6,TRUE,O=C(O)CC[C@@H](C(O)=O)NC(C1=CC=C(NCC2=CN=C3N=C(N)NC(C3=N2)=O)C=C1)=O
2,Gypenoside LI,94987-10-7,801.01,C42H72O14,TRUE,C[C@]12[C@]3([C@@]([C@@H](C[C@]1([H])[C@@]4([C@@](C(C)([C@H]([C@@H](C4)O)O[C@H]5[C@@H]([C@H]([C@@H]([C@H](O5)CO)O)O)O[C@@H]6O[C@@H]([C@H]([C@@H]([C@H]6O)O)O)CO)C)([H])CC2)C)O)([H])[C@@](CC3)([H])[C@](C)(O)CC/C=C(C)\C)C
2,12-O-Methylcarnosic acid,62201-71-2,346.46,C21H30O4,FALSE,O=C([C@]12CCCC(C)(C)[C@]1([H])CCC3=C2C(O)=C(OC)C(C(C)C)=C3)O
2,Daphnetin,486-35-1,178.14,C9H6O4,TRUE,O=C1C=CC2=CC=C(O)C(O)=C2O1
2,Isosilybin A,142796-21-2,482.44,C25H22O10,TRUE,O=C1[C@H](O)[C@@H](C2=CC=C(O[C@H](C3=CC=C(O)C(OC)=C3)[C@@H](CO)O4)C4=C2)OC5=CC(O)=CC(O)=C15
2,Camphor,76-22-2,152.23,C10H16O,TRUE,O=C1C(C2(C)C)(C)CCC2C1
2,Oxymatrine,16837-52-8,264.36,C15H24N2O2,TRUE,O=C1CCC[C@]2([H])[C@@]3([H])CCC[N@@+]4([O-])[C@@]3([H])[C@](CCC4)([H])CN21
2,Sodium Salicylate,54-21-7,160.1,C7H5NaO3,TRUE,O=C(O[Na])C1=CC=CC=C1O
2,Ganoderenic acid B,100665-41-6,514.65,C30H42O7,TRUE,CC1(C)[C@@H](O)CC[C@]2(C)C3=C([C@@]4(C(C[C@H]([C@]4(CC3=O)C)/C(C)=C/C(CC(C)C(O)=O)=O)=O)C)[C@@H](O)CC12
2,9-Dihydro-13-acetylbaccatin III,142203-65-4,630.68,C33H42O12,TRUE,O[C@@H](C1)[C@]2(C)[C@]([C@@]3(OC(C)=O)[C@]1([H])OC3)([H])[C@H](OC(C4=CC=CC=C4)=O)[C@]5(O)C[C@H](OC(C)=O)C(C)=C(C(C)5C)[C@@H](OC(C)=O)[C@@H]2O
2,10-Deacetyl-7-xylosyl paclitaxel,90332-63-1,943.98,C50H57NO17,TRUE,CC(O[C@]([C@@]1([H])C[C@@H]2O[C@@](OC[C@@H](O)[C@@H]3O)([H])[C@@H]3O)(CO1)[C@]([C@@H]([C@]4(C(C)(C)C5=C(C)[C@@H](OC([C@H](O)[C@H](C6=CC=CC=C6)NC(C7=CC=CC=C7)=O)=O)C4)O)OC(C8=CC=CC=C8)=O)([H])[C@@]2(C([C@@H]5O)=O)C)=O
2,(Rac)-Hydnocarpin,51419-48-8,464.42,C25H20O9,TRUE,O=C1C=C(C2=CC=C(OC(C3=CC=C(O)C(OC)=C3)C(CO)O4)C4=C2)OC5=CC(O)=CC(O)=C15
2,Mogroside III-E,88901-37-5,963.15,C48H82O19,TRUE,C[C@]12[C@](CC=C3[C@@]2([H])CC[C@H](O[C@]4([H])O[C@@H]([C@@H](O)[C@H](O)[C@H]4O)CO)C3(C)C)([H])[C@]5([C@@](C)([C@]([C@H](C)CC[C@H](C(C)(O)C)O[C@H]6[C@@H]([C@H]([C@H](O)[C@@H](CO)O6)O)O[C@]7([H])O[C@@H]([C@@H](O)[C@H](O)[C@H]7O)CO)([H])CC5)C[C@H]1O)C
2,Parthenolide,20554-84-1,248.32,C15H20O3,TRUE,C/C1=C\CC[C@@](C)(O2)[C@H]2[C@@H](OC(C3=C)=O)[C@H]3CC1
2,Iristectorin A,37744-61-9,492.43,C23H24O12,TRUE,O=C1C(C2=CC=C(OC)C(O)=C2)=COC3=CC(O[C@@H]4[C@@H]([C@H]([C@@H]([C@@H](CO)O4)O)O)O)=C(OC)C(O)=C13
2,Vinorelbine (ditartrate),125317-39-7,1079.11,C53H66N4O20,FALSE,CC[C@@]1(C=CCN2CC3)[C@@]2([H])[C@@]3(C(C=C([C@@](C4=C5C(C=CC=C6)=C6N4)(CC(C=C(CC)C7)([H])CN7C5)C(OC)=O)C(OC)=C8)=C8N9C)[C@]9([H])[C@](C(OC)=O)(O)[C@@H]1OC(C)=O.O=C(O)[C@H](O)[C@@H](O)C(O)=O.O=C(O)[C@H](O)[C@@H](O)C(O)=O
2,Aloesin,30861-27-9,394.37,C19H22O9,TRUE,OC1=CC(C)=C(C(C=C(CC(C)=O)O2)=O)C2=C1[C@@H]3O[C@@H]([C@@H](O)[C@H](O)[C@H]3O)CO
2,Isolinderalactone,957-66-4,244.29,C15H16O3,TRUE,C=C[C@@]1([C@]2([H])[C@](OC(C2=C)=O)([H])C3=C(OC=C3C)C1)C
2,Solasonine,19121-58-5,884.06,C45H73NO16,TRUE,C[C@H](CC1)CN[C@]21O[C@@]3([H])C[C@@]4([H])[C@]5([H])CC=C6C[C@@H](O[C@@]7([H])[C@H](O[C@@]8([H])[C@H](O)[C@H](O)[C@@H](O)[C@H](C)O8)[C@@H](O[C@@]9([H])[C@H](O)[C@@H](O)[C@H](O)[C@@H](CO)O9)[C@@H](O)[C@@H](CO)O7)CC[C@]6(C)[C@@]5([H])CC[C@]4(C)[C@@]3([H])[C@@H]2C
2,Tricin,520-32-1,330.29,C17H14O7,TRUE,O=C1C=C(C2=CC(OC)=C(O)C(OC)=C2)OC3=CC(O)=CC(O)=C13
2,Glycycoumarin,94805-82-0,368.38,C21H20O6,TRUE,O=C1C(C2=CC=C(O)C=C2O)=CC3=C(OC)C(C/C=C(C)\C)=C(O)C=C3O1
2,Resveratrol,501-36-0,228.24,C14H12O3,TRUE,OC1=CC=C(/C=C/C2=CC(O)=CC(O)=C2)C=C1
2,Moracin P,102841-46-3,326.34,C19H18O5,FALSE,O[C@@H]1CC2=C(OC1(C)C)C=C(OC(C3=CC(O)=CC(O)=C3)=C4)C4=C2
2,1-Caffeoylquinic acid,1241-87-8,354.31,C16H18O9,TRUE,O[C@@H]1[C@H](O)C[C@@](OC(/C=C/C2=CC(O)=C(O)C=C2)=O)(C(O)=O)C[C@H]1O
2,Isopsoralenoside,905954-18-9,366.32,C17H18O9,FALSE,O=C(O)/C=C\C1=CC=C(OC=C2)C2=C1O[C@H]3[C@@H]([C@H]([C@@H]([C@@H](CO)O3)O)O)O
2,Methyl rosmarinate,99353-00-1,374.34,C19H18O8,FALSE,OC1=C(O)C=CC(/C=C/C(O[C@@H](C(OC)=O)CC2=CC(O)=C(O)C=C2)=O)=C1
2,7-epi-Taxol,105454-04-4,853.91,C47H51NO14,TRUE,O[C@@H]1C[C@]2([H])[C@](CO2)(OC(C)=O)[C@]3([H])[C@]1(C)C([C@H](OC(C)=O)C4=C(C)[C@@H](OC([C@@H]([C@H](C5=CC=CC=C5)NC(C6=CC=CC=C6)=O)O)=O)C[C@]([C@H]3OC(C7=CC=CC=C7)=O)(O)C4(C)C)=O
2,Eupatilin,22368-21-4,344.32,C18H16O7,TRUE,O=C1C=C(C2=CC=C(OC)C(OC)=C2)OC3=CC(O)=C(OC)C(O)=C13
2,Isoviolanthin,40788-84-9,578.52,C27H30O14,TRUE,OC1=C([C@H]2[C@@H]([C@@H]([C@@H](O)[C@H](C)O2)O)O)C(O)=C(C(C=C(C3=CC=C(O)C=C3)O4)=O)C4=C1[C@@H]5O[C@@H]([C@@H](O)[C@H](O)[C@H]5O)CO
2,Obtusifoliol,16910-32-0,426.72,C30H50O,FALSE,C=C(C(C)C)CC[C@@H](C)[C@H]1CC[C@@]2(C)C(CC[C@@]3([H])[C@H](C)[C@@H](O)CC[C@]43C)=C4CC[C@]12C
2,Isocorydine,475-67-2,341.4,C20H23NO4,TRUE,COC1=C2C3=C(C=C1OC)CCN(C)[C@@]3([H])CC4=CC=C(OC)C(O)=C24
3,"N-Benzoyl-(2R,3S)-3-phenylisoserine",132201-33-3,285.29,C16H15NO4,TRUE,O=C(C1=CC=CC=C1)N[C@](C2=CC=CC=C2)([H])[C@@H](O)C(O)=O
3,Ailanthone,981-15-7,376.4,C20H24O7,TRUE,C[C@@]1([C@@H]2O)[C@]([C@@]3([C@@H]4O)O)([H])[C@@]([C@](C5)([H])C4=C)(CO3)[C@@](OC5=O)([H])C[C@@]1([H])C(C)=CC2=O
3,Piperlonguminine,5950/12/9,273.33,C16H19NO3,TRUE,O=C(NCC(C)C)/C=C/C=C/C1=CC=C(OCO2)C2=C1
3,Ginsenoside Ra3,90985-77-6,1241.41,C59H100O27,FALSE,CC12C3(C(C(O)CC1C4(C(C(C)(C(OC5C(C(C(O)C(CO)O5)O)OC6OC(C(O)C(O)C6O)CO)CC4)C)CC2)C)C(C(CC/C=C(C)/C)(C)OC7OC(C(O)C(O)C7O)COC8C(C(C(O)C(CO)O8)OC9C(C(C(O)CO9)O)O)O)CC3)C
3,"3',â€?',â€?',â€?,â€?-â€‹Pentamethoxyflavone",53350-26-8,372.37,C20H20O7,TRUE,O=C1C=C(C2=CC(OC)=C(OC)C(OC)=C2)OC3=CC(OC)=CC(OC)=C13
3,Berbamine,478-61-5,608.72,C37H40N2O6,TRUE,COC1=C(OC2=CC([C@]3([H])CC(C=C4)=CC=C4O5)=C(CCN3C)C=C2OC)C([C@@]6([H])CC7=CC=C(O)C5=C7)=C(CCN6C)C=C1OC
3,3-O-Acetyl-16Î±-hydroxytrametenolic acid,168293-13-8,514.74,C32H50O5,TRUE,CC1(C)[C@@H](OC(C)=O)CC[C@]2(C)C3=C([C@@]4(C[C@@H](O)[C@@H]([C@]4(CC3)C)[C@H](C(O)=O)CC/C=C(C)\C)C)CC[C@@]12[H]
3,Forskolin,66575-29-9,410.5,C22H34O7,FALSE,O=C1[C@@]2(O)[C@]([C@@H](OC(C)=O)[C@@H](O)[C@@]3([H])C(C)(C)CC[C@H](O)[C@@]32C)(C)O[C@@](C)(C=C)C1
3,Poricoic acid A,137551-38-3,498.69,C31H46O5,TRUE,C[C@]12[C@@]([C@]([C@H](C(O)=O)CCC(C(C)C)=C)([H])[C@H](O)C1)(CC=C3C2=CC[C@@H](C(C)=C)[C@]3(C)CCC(O)=O)C
3,Withanolide B,56973-41-2,454.6,C28H38O5,TRUE,C[C@@]12[C@]3([H])[C@@]([C@@]4([H])[C@](CC3)([C@@](CC4)([H])[C@@H]([C@@]5([H])CC(C)=C(C(O5)=O)C)C)C)([H])[C@H]6[C@@H]([C@]1(CC=CC2=O)O)O6
3,Naringenin triacetate,3682-04-0,398.36,C21H18O8,TRUE,CC(OC1=C2C(O[C@H](C3=CC=C(OC(C)=O)C=C3)CC2=O)=CC(OC(C)=O)=C1)=O
3,Malabaricone B,63335-24-0,342.43,C21H26O4,TRUE,O=C(C1=C(O)C=CC=C1O)CCCCCCCCC2=CC=C(O)C=C2
3,Forchlorfenuron,68157-60-8,247.68,C12H10ClN3O,TRUE,O=C(NC1=CC=CC=C1)NC2=CC(Cl)=NC=C2
3,7-Epi 10-desacetyl paclitaxel,78454-17-8,811.87,C45H49NO13,FALSE,O=C(N[C@@H](C1=CC=CC=C1)[C@@H](O)C(O[C@H]2C[C@@](O)([C@@H](OC(C3=CC=CC=C3)=O)[C@@]4([H])[C@@]5(C)[C@H](O)C[C@]6([H])[C@@]4(OC(C)=O)CO6)C(C)(C)C([C@@H](O)C5=O)=C2C)=O)C7=CC=CC=C7
3,meso-Dihydroguaiaretic acid,66322-34-7,330.42,C20H26O4,FALSE,COC1=C(O)C=CC(C[C@@H](C)[C@@H](C)CC2=CC(OC)=C(O)C=C2)=C1
3,Genistin,529-59-9,432.38,C21H20O10,TRUE,O=C(C(C1=CC=C(O)C=C1)=COC2=CC(O[C@@H]([C@@H]([C@@H](O)[C@@H]3O)O)O[C@@H]3CO)=C4)C2=C4O
3,Corylin,53947-92-5,320.34,C20H16O4,TRUE,O=C1C(C2=CC=C3C(C=CC(C)(C)O3)=C2)=COC4=CC(O)=CC=C14
3,Prosaikogenin D,103629-72-7,618.84,C36H58O8,FALSE,O[C@H]([C@H]([C@H]([C@@H](C)O1)O)O)[C@@H]1O[C@@H]2CC[C@]3(C)[C@@]4([H])C=CC5=C6CC(C)(C)CC[C@@](CO)6[C@@H](O)C[C@](C)5[C@@](C)4CC[C@]([H])3[C@@]2(C)CO
3,Ginsenoside Rk1,494753-69-4,767,C42H70O12,TRUE,C[C@]12[C@@](C[C@@H](O)[C@@]3([H])[C@]2(CC[C@@H]3C(CC/C=C(C)/C)=C)C)([H])[C@@]4([C@@](C(C)([C@@H](O[C@@]5([H])[C@@H]([C@H]([C@H](O)[C@@H](CO)O5)O)O[C@]6([H])O[C@@H]([C@@H](O)[C@H](O)[C@H]6O)CO)CC4)C)([H])CC1)C
3,Kuwanon H,76472-87-2,760.82,C45H44O11,TRUE,OC1=CC(O)=C(C(C(C/C=C(C)/C)=C(C2=C(C=C(O)C=C2)O)O3)=O)C3=C1[C@@H]4[C@H]([C@H](C5=C(C=C(O)C=C5)O)CC(C)=C4)C(C6=C(C(C/C=C(C)/C)=C(O)C=C6)O)=O
3,(-)-Epipodophyllotoxin,4375/7/9,414.41,C22H22O8,TRUE,O=C1[C@]([C@]2([H])CO1)([H])[C@@](C(C=C3OC)=CC(OC)=C3OC)([H])C4=CC(OCO5)=C5C=C4[C@H]2O
3,Dioscin,19057-60-4,869.04,C45H72O16,TRUE,O[C@@H]1[C@@H](O)[C@H](C)O[C@@]([H])(O[C@H]2[C@H](O)[C@@H](O[C@]3([H])O[C@@H](C)[C@H](O)[C@@H](O)[C@H]3O)[C@@](O[C@@H]4CC5=CC[C@]([C@]([H])(C[C@@]6([H])[C@]7([H])[C@H](C)[C@]8(OC[C@H](C)CC8)O6)[C@]7(C)CC9)([H])[C@@]9([H])[C@@]5(C)CC4)([H])O[C@@H]2CO)[C@@H]1O
3,Guaiol,489-86-1,222.37,C15H26O,FALSE,C[C@@H]1C2=C([C@H](CC[C@@H](C(C)(O)C)C2)C)CC1
3,Tetramethylcurcumin,52328-97-9,424.49,C25H28O6,TRUE,COC1=C(C=CC(/C=C/C(C(C)(C)C(/C=C/C2=CC(OC)=C(OC)C=C2)=O)=O)=C1)OC
3,8-Geranyloxypsoralen,7437-55-0,338.4,C21H22O4,TRUE,O=C1C=CC2=CC3=C(OC=C3)C(OC/C=C(C)/CC/C=C(C)/C)=C2O1
3,Ardisiacrispin B,112766-96-8,1075.24,C53H86O22,FALSE,C[C@]12[C@]3(CC[C@@]4([H])[C@]2(CC[C@]5([H])[C@@]4(CC[C@@H](C5(C)C)O[C@H]6[C@@H]([C@H]([C@H](CO6)O[C@H]7[C@@H]([C@H]([C@@H]([C@H](O7)CO)O)O)O[C@H]8[C@@H]([C@@H]([C@H]([C@@H](O8)C)O)O)O)O)O[C@@H]9O[C@@H]([C@H]([C@@H]([C@H]9O)O)O)CO)C)C)[C@@]%10([H])[C@@]([C@@H](C1)O)(CC[C@@](C)(C%10)C=O)CO3
3,Licoricesaponin G2,118441-84-2,838.93,C42H62O17,TRUE,C[C@@]1([C@@]2([H])[C@@]3([C@@]([C@](C)([C@@H](O[C@@]4([H])[C@@H]([C@H]([C@H](O)[C@@H](C(O)=O)O4)O)O[C@]5([H])O[C@@H]([C@@H](O)[C@H](O)[C@H]5O)C(O)=O)CC3)CO)([H])CC1)C)[C@]6(C([C@@]7([H])[C@](C)(CC[C@@](C(O)=O)(C)C7)CC6)=CC2=O)C
3,Methyl protodioscin,54522-52-0,1063.23,C52H86O22,FALSE,C[C@@]1([C@]([C@@H]2C)([H])[C@](O[C@]2(OC)CC[C@@H](C)CO[C@@H]([C@@H]([C@@H](O)[C@@H]3O)O)O[C@@H]3CO)([H])C4)[C@]4([H])[C@@](CC=C5[C@@]6(CC[C@H](O[C@@](O[C@H](CO)[C@@H](O[C@@](O[C@@H](C)[C@H](O)[C@H]7O)([H])[C@@H]7O)[C@@H]8O)([H])[C@@H]8O[C@@](O[C@@H](C)[C@H](O)[C@H]9O)([H])[C@@H]9O)C5)C)([H])[C@]6([H])CC1
3,4'-Demethylepipodophyllotoxin,6559-91-7,400.38,C21H20O8,TRUE,O=C1OC[C@]2([H])[C@H](O)C3=C(C=C4OCOC4=C3)[C@@H](C5=CC(OC)=C(O)C(OC)=C5)[C@]21[H]
3,Fisetin (quarterhydrate),,290.75,C15H10O6.1/4H2O,FALSE,O=C1C(O)=C(C2=CC=C(O)C(O)=C2)OC3=CC(O)=CC=C13.O.[1/4]
3,Sodium aescinate,20977-05-3,1123.21,C54H83NaO23,FALSE,CC(C(OC[C@@]12[C@H]3C[C@]4(C)C([C@]1([H])CC(C)(C)[C@H](O3)[C@@H]2O)=CC[C@@]5([H])[C@@]4(C)CC[C@]6([H])[C@]5(C)CC[C@H](O[C@@H]7O[C@H](C(O[Na])=O)[C@@H](O[C@@H]8O[C@H](CO)[C@@H](O)[C@H](O)[C@H]8O)[C@H](O)[C@H]7O[C@@H]9OC[C@@H](O)[C@H](O)[C@H]9O)[C@]6(CO)C)=O)C(OC(C)=O)C
3,Corilagin,23094-69-1,634.45,C27H22O18,FALSE,OC1=C(C2=C(C(OC[C@H]3O[C@@H](OC(C4=CC(O)=C(O)C(O)=C4)=O)[C@@H](O)[C@@H]([C@H]3O)OC5=O)=O)C=C(O)C(O)=C2O)C5=CC(O)=C1O
3,"(E,E)-Bisdemethoxycurcumin",33171-05-0,308.33,C19H16O4,TRUE,O=C(CC(/C=C/C1=CC=C(O)C=C1)=O)/C=C/C2=CC=C(O)C=C2
3,Pomolic acid,13849-91-7,472.7,C30H48O4,FALSE,OC([C@@]12[C@]([H])(C3=CC[C@]4([H])[C@]5(C)[C@@]([H])(CC[C@]4([C@@]3(CC2)C)C)C([C@H](CC5)O)(C)C)[C@]([C@@H](CC1)C)(C)O)=O
3,(E)-Flavokawain A,37951-13-6,314.33,C18H18O5,FALSE,O=C(C1=C(OC)C=C(OC)C=C1O)/C=C/C2=CC=C(OC)C=C2.[E]
3,Deltonin,55659-75-1,885.04,C45H72O17,TRUE,C[C@@]12[C@]([C@@H]3C)([H])[C@](O[C@]34CC[C@@H](C)CO4)([H])C[C@@]1([H])[C@@](CC=C5[C@@]6(CC[C@H](O[C@@](O[C@H](CO)[C@@H](O[C@]([C@@H]([C@@H](O)[C@@H]7O)O)([H])O[C@@H]7CO)[C@@H]8O)([H])[C@@H]8O[C@@](O[C@@H](C)[C@H](O)[C@H]9O)([H])[C@@H]9O)C5)C)([H])[C@]6([H])CC2
3,Azadirachtin B,106500-25-8,662.68,C33H42O14,FALSE,C[C@@]1([C@@]([C@H]2C(OC)=O)([H])[C@]([C@H](C[C@H]3OC(/C(C)=C/C)=O)O)(CO2)[C@@]4([H])[C@](OC[C@@]43C(OC)=O)([H])[C@H]1O)[C@]([C@@H](O[C@]5([H])OC=C6)C[C@H]7[C@]56O)(O8)[C@]78C
3,Procyanidin B3,23567-23-9,578.52,C30H26O12,TRUE,O[C@@H]1[C@@H](C2=CC=C(O)C(O)=C2)OC3=CC(O)=CC(O)=C3[C@H]1C4=C5C(C[C@H](O)[C@@H](C6=CC=C(O)C(O)=C6)O5)=C(O)C=C4O
3,Mogroside IIA1,88901-44-4,801.01,C42H72O14,TRUE,C[C@]12[C@@]3([H])[C@]([C@@]4([H])C(C(C)([C@@H](O)CC4)C)=CC3)([C@H](O)C[C@@]1([C@]([C@H](C)CC[C@H](C(C)(O)C)O[C@@H]5O[C@@H]([C@@H](O)[C@H](O)[C@H]5O)CO[C@@H]6O[C@@H]([C@@H](O)[C@H](O)[C@H]6O)CO)([H])CC2)C)C
3,Tubeimoside I,102040-03-9,1319.44,C63H98O29,FALSE,O=C(O[C@H](OCC(O)[C@H]1O)[C@@H]1OC(OC(C)C(OC(CC(O)(CC(O[C@@H]2[C@H]3O)=O)C)=O)C4OC(OCC(O)C5O)C5O)C4O)C6(CCC(C)(C)C7)C7C8=CCC9C(C)(CCC%10C9(CC(O)C(OC(OC(CO)C(O)C%11O)C%11O[C@H](OC2)[C@@H]3O)C%10(C)CO)C)C8(C)CC6
3,Sinapine,18696-26-9,310.36,C16H24NO5+,FALSE,O=C(OCC[N+](C)(C)C)/C=C/C1=CC(OC)=C(O)C(OC)=C1
3,[8]-Shogaol,36700-45-5,304.42,C19H28O3,TRUE,CCCCCCC/C=C/C(CCC1=CC=C(O)C(OC)=C1)=O
3,Ginsenoside Rk2,364779-14-6,604.86,C36H60O7,TRUE,C[C@]12[C@@](C[C@@H](O)[C@@]3([H])[C@]2(CC[C@@H]3C(CC/C=C(C)/C)=C)C)([H])[C@@]4([C@@](C(C)([C@@H](O[C@]5([H])O[C@@H]([C@@H](O)[C@H](O)[C@H]5O)CO)CC4)C)([H])CC1)C
3,Mogroside IV,89590-95-4,1125.29,C54H92O24,TRUE,CC(O)(C)[C@H](O[C@@H]1O[C@H](CO)[C@@H](O)[C@H](O)[C@H]1O[C@@H]2O[C@H](CO)[C@@H](O)[C@H](O)[C@H]2O)CC[C@@H](C)[C@H]3CC[C@@]4(C)[C@@]5([H])CC=C6C(C)(C)[C@@H](O[C@H]7[C@H](O)[C@@H](O)[C@H](O)[C@@H](CO[C@H]8[C@H](O)[C@@H](O)[C@H](O)[C@@H](CO)O8)O7)CC[C@@]6([H])[C@]5(C)[C@H](O)C[C@@]43C
3,Salvigenin,19103-54-9,328.32,C18H16O6,TRUE,O=C1C=C(C2=CC=C(OC)C=C2)OC3=CC(OC)=C(OC)C(O)=C13
3,Viscidulin III,92519-91-0,346.29,C17H14O8,TRUE,O=C1C=C(C2=C(O)C=CC(O)=C2OC)OC3=C(OC)C(O)=CC(O)=C13
3,Juglanin,5041-67-8,418.35,C20H18O10,TRUE,O=C1C(O[C@@H]2O[C@@H](CO)[C@H](O)[C@H]2O)=C(C3=CC=C(O)C=C3)OC4=CC(O)=CC(O)=C41
3,Ginsenoside F2,62025-49-4,785.01,C42H72O13,FALSE,C[C@@]([C@@]12C)(CC[C@@]3([H])C4(C)C)[C@@](C[C@@H](O)[C@]1([H])[C@]([C@@](CC/C=C(C)/C)(C)O[C@@H]([C@@H]([C@@H](O)[C@@H]5O)O)O[C@@H]5CO)([H])CC2)([H])[C@]3(CC[C@@H]4O[C@]([C@@H]([C@@H](O)[C@@H]6O)O)([H])O[C@@H]6CO)C
3,Isoxanthohumol,521-48-2,354.4,C21H22O5,TRUE,OC1=CC(OC)=C2C(CC(OC2=C1C/C=C(C)\C)C3=CC=C(C=C3)O)=O
3,Paclitaxel,33069-62-4,853.91,C47H51NO14,FALSE,O=C(C1=CC=CC=C1)N[C@@H](C2=CC=CC=C2)[C@H](C(O[C@@H]3C(C)=C([C@@H](OC(C)=O)C([C@@]4(C)[C@]([C@@](CO5)(OC(C)=O)[C@@]5([H])C[C@@H]4O)([H])[C@@H]6OC(C7=CC=CC=C7)=O)=O)C(C)(C)[C@@]6(O)C3)=O)O
4,Ferulic acid,1135-24-6,194.18,C10H10O4,TRUE,O=C(O)/C=C/C1=CC=C(O)C(OC)=C1
4,Isolongifolene,1135-66-6,204.35,C15H24,FALSE,CC1(C)[C@]23CC[C@](C3)([H])C(C)(C)C2=CCC1
4,Ellipticine,519-23-3,246.31,C17H14N2,TRUE,CC1=C(C=NC=C2)C2=C(C)C(N3)=C1C4=C3C=CC=C4
4,Isoscopoletin,776-86-3,192.17,C10H8O4,TRUE,O=C1C=CC2=CC(O)=C(OC)C=C2O1
4,Roemerine,548-08-3,279.33,C18H17NO2,TRUE,CN1CCC(C2=C3C4=CC=CC=C4C[C@@]12[H])=CC5=C3OCO5
4,Benzo[a]pyrene,50-32-8,252.31,C20H12,FALSE,C12=C(C=C3)C=C(C=CC=C4)C4=C1C=CC5=CC=CC3=C25
4,Glycitein,40957-83-3,284.26,C16H12O5,TRUE,O=C(C(C1=CC=C(O)C=C1)=CO2)C3=C2C=C(O)C(OC)=C3
4,Hexahydrocurcumin,36062-05-2,374.43,C21H26O6,FALSE,O=C(CC(O)CCC1=CC=C(O)C(OC)=C1)CCC2=CC=C(O)C(OC)=C2
4,Lirinidine,54383-28-7,281.35,C18H19NO2,TRUE,OC1=C(OC)C=C2CCN(C)[C@@]3([H])CC4=CC=CC=C4C1=C23
4,"3,4-Dicaffeoylquinic acid",14534-61-3,516.45,C25H24O12,TRUE,O=C([C@@]1(O)C[C@@H](OC(/C=C/C2=CC=C(O)C(O)=C2)=O)[C@H](OC(/C=C/C3=CC=C(O)C(O)=C3)=O)[C@H](O)C1)O
4,Desmethylglycitein,17817-31-1,270.24,C15H10O5,TRUE,O=C1C(C2=CC=C(O)C=C2)=COC3=CC(O)=C(O)C=C13
4,Coixol,532-91-2,165.15,C8H7NO3,TRUE,O=C1OC2=CC(OC)=CC=C2N1
4,Ligustrazine,1124-11-4,136.19,C8H12N2,TRUE,CC1=C(C)N=C(C)C(C)=N1
4,Lapachol,84-79-7,242.27,C15H14O3,TRUE,O=C(C(CC=C(C)C)=C1O)C2=CC=CC=C2C1=O
4,Mogroside IIe,88901-38-6,801.01,C42H72O14,TRUE,C[C@]12[C@](CC=C3[C@@]2([H])CC[C@H](O[C@]4([H])O[C@@H]([C@@H](O)[C@H](O)[C@H]4O)CO)C3(C)C)([H])[C@]5([C@@](C)([C@]([C@H](C)CC[C@H](C(C)(O)C)O[C@@H]6O[C@@H]([C@@H](O)[C@H](O)[C@H]6O)CO)([H])CC5)C[C@H]1O)C
4,Methoxsalen,298-81-7,216.19,C12H8O4,TRUE,O=C1OC(C(C=C1)=C2)=C(OC)C3=C2C=CO3
4,"3,â€?,â€?,â€?,â€?,â€?',â€?'-â€‹Heptemthoxyflavone",1178-24-1,432.42,C22H24O9,TRUE,O=C1C(OC)=C(C2=CC=C(OC)C(OC)=C2)OC3=C(OC)C(OC)=C(OC)C(OC)=C13
4,Dimethylfraxetin,6035-49-0,236.22,C12H12O5,TRUE,O=C1C=CC2=CC(OC)=C(OC)C(OC)=C2O1
4,Dictamine,484-29-7,199.21,C12H9NO2,TRUE,COC1=C2C(OC=C2)=NC3=CC=CC=C13
4,Tubuloside B,112516-04-8,666.62,C31H38O16,FALSE,CC(O[C@@H]([C@@H](O1)OCCC(C=C2)=CC(O)=C2O)[C@H]([C@@H]([C@H]1COC(/C=C/C(C=C3)=CC(O)=C3O)=O)O)O[C@H](O[C@H]4C)[C@@H]([C@@H]([C@H]4O)O)O)=O
4,Epimedin A1,140147-77-9,838.8,C39H50O20,TRUE,O[C@H]1[C@H](O)[C@@H](O)[C@H](OC2=CC(O)=C(C(C(O[C@H]3[C@H](O)[C@H](O[C@@]4([H])[C@H](O)[C@@H](O)[C@H](O)[C@@H](CO)O4)[C@@H](O)[C@H](C)O3)=C(C5=CC=C(OC)C=C5)O6)=O)C6=C2C/C=C(C)/C)O[C@@H]1CO
4,Eclalbasaponin I,158511-59-2,796.98,C42H68O14,FALSE,OC[C@H]([C@@H](O)[C@H](O)[C@H]1O)O[C@H]1OC([C@]23[C@](CC(C)(C)CC3)([H])C4=CC[C@@]([C@@]5([C@@](C(C)([C@@H](O[C@]6([H])O[C@@H]([C@@H](O)[C@H](O)[C@H]6O)CO)CC5)C)([H])CC7)C)([H])[C@]7(C)[C@]4(C)C[C@H]2O)=O
4,Cycloartenyl ferulate,21238-33-5,602.89,C40H58O4,FALSE,C[C@]12[C@@]3([H])[C@@]4(CC[C@@]1([C@@](CC2)([H])[C@H](C)CC/C=C(C)\C)C)[C@@]5([C@](CC3)([H])C(C)([C@H](CC5)OC(/C=C/C6=CC(OC)=C(C=C6)O)=O)C)C4
4,Steviolbioside,41093-60-1,642.73,C32H50O13,FALSE,C[C@]12[C@@]3([H])[C@@](C4)(CC[C@]1([H])[C@@](C)(CCC2)C(O)=O)C[C@@](C4=C)(O[C@@]5([H])[C@@H]([C@H]([C@H](O)[C@@H](CO)O5)O)O[C@]6([H])O[C@@H]([C@@H](O)[C@H](O)[C@H]6O)CO)CC3
4,Theaflavin-3'-gallate,28543-07-9,716.6,C36H28O16,TRUE,O=C(O[C@H]1[C@@H](C2=C(C=C([C@@H]3[C@H](O)CC4=C(O)C=C(O)C=C4O3)C=C(O)C5=O)C5=C(O)C(O)=C2)OC6=CC(O)=CC(O)=C6C1)C7=CC(O)=C(O)C(O)=C7
4,Neolancerin,117221-65-5,406.34,C19H18O10,TRUE,OC1=C(C(C2=C3)=O)C(OC2=CC=C3O)=CC(O)=C1[C@@H]([C@@H]([C@H]4O)O)O[C@@H]([C@H]4O)CO
4,"5,15-Diacetyl-3-benzoyllathyrol",218916-52-0,522.63,C31H38O7,TRUE,CC(O[C@@]1(C(/C(C)=C\[C@@H](C2(C)C)[C@@H]2CCC3=C)=O)[C@]([C@H]3OC(C)=O)([H])[C@@H](OC(C4=CC=CC=C4)=O)[C@@H](C)C1)=O
4,Punicalagin,65995-63-3,1084.72,C48H28O30,FALSE,O=C1C2=C(C3=C(O)C(O)=C2C4=C(O)C(O)=C(O)C=C4C(OC(C(OC5=O)C(C=O)OC(C6=C(C7=C5C=C(O)C(O)=C7O)C(O)=C(O)C(O)=C6)=O)C8O)=O)C9=C(C(O3)=O)C(C(C(O)=C(O)C(O)=C%10)=C%10C(OC8)=O)=C(O)C(O)=C9O1
4,Calceolarioside B,105471-98-5,478.45,C23H26O11,TRUE,O[C@H]([C@@H](O)[C@@H]1O)[C@@H](O[C@@H]1COC(/C=C/C2=CC(O)=C(O)C=C2)=O)OCCC3=CC(O)=C(O)C=C3
4,Isoschaftoside,52012-29-0,564.49,C26H28O14,TRUE,O=C1C=C(C2=CC=C(O)C=C2)OC3=C([C@H]4[C@@H]([C@H]([C@@H]([C@@H](CO)O4)O)O)O)C(O)=C([C@H]5[C@@H]([C@H]([C@H](CO5)O)O)O)C(O)=C13
4,Ganoderic acid C2,103773-62-2,518.68,C30H46O7,TRUE,CC1(C)[C@@H](O)CC[C@]2(C)C3=C([C@@]4([C@@H](O)C[C@@H]([C@]4(CC3=O)C)[C@H](C)CC(C[C@@H](C)C(O)=O)=O)C)[C@@H](O)C[C@@]12[H]
4,Oroxin B,114482-86-9,594.52,C27H30O15,TRUE,O=C1C=C(C2=CC=CC=C2)OC3=CC(O[C@H]4[C@@H]([C@H]([C@@H]([C@@H](CO[C@H]5[C@@H]([C@H]([C@@H]([C@@H](CO)O5)O)O)O)O4)O)O)O)=C(O)C(O)=C13
4,Cepharanthine,481-49-2,606.71,C37H38N2O6,TRUE,[H][C@]12N(C)CCC(C1=C3)=CC(OC)=C3OC4=C5C(OCO5)=CC6=C4[C@](N(C)CC6)([H])CC(C=C7)=CC=C7OC8=C(OC)C=CC(C2)=C8
4,Oleuropein,32619-42-4,540.51,C25H32O13,FALSE,OC[C@@H]1[C@@H](O)[C@H](O)[C@@H](O)[C@@](O[C@@H]2OC=C(C(OC)=O)[C@@H](CC(OCCC3=CC=C(O)C(O)=C3)=O)/C2=C\C)([H])O1
4,Tenacissoside G,191729-43-8,792.95,C42H64O14,TRUE,C[C@@]([C@@H]([C@@H](OC(/C(C)=C/C)=O)[C@]1([H])[C@]23C)OC(C)=O)([C@@H]4C(C)=O)[C@]5(CC4)[C@@]1(CC[C@@]2([H])C[C@@H](O[C@@](O[C@H](C)[C@H]6O[C@@](O[C@H](C)[C@@H](O)[C@H]7OC)([H])[C@@H]7O)([H])C[C@H]6OC)CC3)O5
4,Gambogic Acid,2752-65-0,628.75,C38H44O8,TRUE,O=C(O)/C(C)=C\C[C@@]1(C2=O)OC(C)(C)[C@@](C[C@@]2([H])C=C34)([H])[C@]31OC5=C(C(O)=C(C=C[C@](CC/C=C(C)/C)(C)O6)C6=C5C/C=C(C)\C)C4=O
4,Moringin,73255-40-0,311.35,C14H17NO5S,FALSE,O[C@H]([C@@H]([C@H]1O)O)[C@@H](O[C@H]1C)OC(C=C2)=CC=C2CN=C=S
4,20(R)-Ginsenoside Rg2,80952-72-3,785.01,C42H72O13,FALSE,C[C@]12[C@@]3(C)[C@]([C@](CC[C@H](O)C4(C)C)(C)[C@@]4([H])[C@@H](O[C@H]5[C@H](O[C@H]6[C@H](O)[C@H](O)[C@@H](O)[C@H](C)O6)[C@@H](O)[C@H](O)[C@@H](CO)O5)C3)([H])C[C@@H](O)[C@]1([H])[C@]([C@@](CC/C=C(C)/C)(O)C)([H])CC2
4,Baccatin III,27548-93-2,586.63,C31H38O11,TRUE,O=C1[C@H](OC(C)=O)C(C2(C)C)=C(C)[C@@H](O)C[C@@]2(O)[C@@H](OC(C3=CC=CC=C3)=O)[C@@]4([H])[C@@]1(C)[C@@H](O)C[C@@]5([H])OC[C@]54OC(C)=O
4,Tracheloside,33464-71-0,550.55,C27H34O12,FALSE,O=C1OC[C@H](CC2=CC=C(OC)C(OC)=C2)[C@]1(CC3=CC=C(O[C@H]4[C@@H]([C@H]([C@@H]([C@@H](CO)O4)O)O)O)C(OC)=C3)O
4,Corosolic acid,4547-24-4,472.7,C30H48O4,TRUE,O[C@H]1[C@H](O)C(C)(C)[C@@](CC[C@]2(C)[C@]3([H])CC=C4[C@@]2(C)CC[C@]5(C(O)=O)[C@@]4([H])[C@@H](C)[C@H](C)CC5)([H])[C@]3(C)C1
4,Polyphyllin I,50773-41-6,855.02,C44H70O16,FALSE,C[C@H](CC1)CO[C@]21O[C@@]3([H])C[C@@]4([H])[C@@]5([H])[C@]([C@](CC[C@H](O[C@]6([H])O[C@H](CO)[C@@H](O[C@]7([H])O[C@@H](CO)[C@H](O)[C@H]7O)[C@H](O)[C@H]6O[C@@]8([H])[C@H](O)[C@H](O)[C@@H](O)[C@H](C)O8)C9)(C)C9=CC5)([H])CC[C@]4(C)[C@@]3([H])[C@@H]2C
4,Rhoifolin,17306-46-6,578.52,C27H30O14,TRUE,O=C(C=C(C1=CC=C(O)C=C1)OC2=CC(O[C@H](O[C@H](CO)[C@@H](O)[C@@H]3O)[C@@H]3O[C@@](O[C@@H](C)[C@H](O)[C@H]4O)([H])[C@@H]4O)=C5)C2=C5O
4,Pangelin,33783-80-1,286.28,C16H14O5,TRUE,O=C1C=CC2=C(OC[C@H](O)C(C)=C)C3=C(OC=C3)C=C2O1
4,"Î²,Î²-Dimethylacrylshikonin",24502-79-2,370.4,C21H22O6,TRUE,O=C1C2=C(O)C=CC(O)=C2C(C=C1[C@@H](C/C=C(C)/C)OC(/C=C(C)/C)=O)=O
4,3-O-Beta-D-Glucopyranosylplatycodigenin,38337-25-6,682.84,C36H58O12,TRUE,OCC1([C@@]2([H])[C@@]([C@]3([H])[C@](C)([C@]4(C([C@@]5([H])[C@](C(O)=O)(CCC(C)(C)C5)[C@H](O)C4)=CC3)C)CC2)(C[C@H](O)[C@@H]1O[C@]6([H])O[C@@H]([C@@H](O)[C@H](O)[C@H]6O)CO)C)CO
4,Mogroside I E1,88901-39-7,638.87,C36H62O9,TRUE,C[C@]12[C@](CC=C3[C@@]2([H])CC[C@H](O[C@]4([H])O[C@@H]([C@@H](O)[C@H](O)[C@H]4O)CO)C3(C)C)([H])[C@]5([C@@](C)([C@]([C@H](C)CC[C@@H](O)C(C)(O)C)([H])CC5)C[C@H]1O)C
4,Apigenin-7-glucuronide,29741-09-1,446.36,C21H18O11,TRUE,O[C@H]([C@H]([C@@H]([C@@H](C(O)=O)O1)O)O)[C@@H]1OC2=CC(O)=C3C(C=C(C4=CC=C(O)C=C4)OC3=C2)=O
4,Tectorigenin,548-77-6,300.26,C16H12O6,TRUE,O=C1C(C2=CC=C(O)C=C2)=COC3=CC(O)=C(OC)C(O)=C13
4,(-)-Syringaresinol,6216-81-5,418.44,C22H26O8,FALSE,OC1=C(OC)C=C([C@@H]2OC[C@]3([H])[C@@]2([H])CO[C@H]3C4=CC(OC)=C(O)C(OC)=C4)C=C1OC
5,2-O-Î²-D-Glucopyranosyl-L-ascorbic acid,562043-82-7,338.26,C12H18O11,FALSE,OC([C@H](O1)[C@H](CO)O)=C(O[C@H]2[C@@H]([C@H]([C@@H]([C@@H](CO)O2)O)O)O)C1=O
5,L-Theanine,3081-61-6,174.2,C7H14N2O3,TRUE,OC([C@@H](N)CCC(NCC)=O)=O
5,Atranorin,479-20-9,374.34,C19H18O8,FALSE,O=C(OC1=CC(C)=C(C(OC)=O)C(O)=C1C)C2=C(C)C=C(O)C(C=O)=C2O
5,cis-4-Hydroxy-L-proline,618-27-9,131.13,C5H9NO3,FALSE,O=C(O)[C@H](C1)NC[C@H]1O
5,(+)-Gallocatechin,970-73-0,306.27,C15H14O7,TRUE,O[C@@H]1[C@@H](C2=CC(O)=C(O)C(O)=C2)OC3=CC(O)=CC(O)=C3C1
5,Campesterol,474-62-4,400.68,C28H48O,FALSE,C[C@@H](C(C)C)CC[C@@H](C)[C@H]1CC[C@@]2([H])[C@]3([H])CC=C4C[C@@H](O)CC[C@]4(C)[C@@]3([H])CC[C@]12C
5,Phillyrin,487-41-2,534.55,C27H34O11,FALSE,COC(C=C1[C@@H]2[C@](CO[C@H]3C4=CC(OC)=C(OC)C=C4)([H])[C@]3([H])CO2)=C(C=C1)O[C@@H]([C@@H]([C@@H](O)[C@@H]5O)O)O[C@@H]5CO
5,Euscaphic acid,53155-25-2,488.7,C30H48O5,FALSE,OC([C@]12[C@]([C@](O)([C@H](C)CC2)C)([H])C3=CC[C@@]([C@@]4([C@@](C(C)([C@H](O)[C@H](O)C4)C)([H])CC5)C)([H])[C@]5(C)[C@]3(C)CC1)=O
5,Î²-Caryophyllene,87-44-5,204.35,C15H24,FALSE,C=C1CC/C=C(C)/CC[C@@]2([H])C(C)(C)C[C@]12[H]
5,Fructose,7660-25-5,180.16,C6H12O6,FALSE,O[C@H]1[C@@H](O)[C@H](O)[C@@](O)(CO)OC1
5,L-SelenoMethionine,3211-76-5,196.11,C5H11NO2Se,TRUE,O=C(O)[C@@H](N)CC[Se]C
5,Mimosine,500-44-7,198.18,C8H10N2O4,TRUE,OC([C@@H](N)CN1C=CC(C(O)=C1)=O)=O
5,Î²-Lapachone,4707-32-8,242.27,C15H14O3,TRUE,O=C(C1=C2OC(C)(C)CC1)C(C3=C2C=CC=C3)=O
5,Ginsenoside Re,52286-59-6,947.15,C48H82O18,FALSE,O[C@H]1[C@H](O)[C@@H](CO)O[C@@H](O[C@H]2C[C@]([C@@](CC[C@]3([H])[C@@](C)(O[C@@H]4O[C@H](CO)[C@@H](O)[C@H](O)[C@H]4O)CC/C=C(C)/C)(C)[C@]3([H])[C@H](O)C5)(C)[C@@]5([H])[C@]6(C)[C@]2([H])C(C)(C)[C@@H](O)CC6)[C@@H]1O[C@@H]7O[C@@H](C)[C@H](O)[C@@H](O)[C@H]7O
5,9-Hydroxyoctadecanoic acid,3384-24-5,300.48,C18H36O3,FALSE,O=C(CCCCCCCC(CCCCCCCCC)O)O
5,Liensinine,2586-96-1,610.74,C37H42N2O6,TRUE,OC1=CC=C(C[C@H]2N(C)CCC3=C2C=C(OC)C(OC)=C3)C=C1OC4=CC5=C(C=C4OC)CCN(C)[C@@H]5CC6=CC=C(O)C=C6
5,Escin IA,123748-68-5,1131.26,C55H86O24,FALSE,OC[C@]1([C@H]2OC(C)=O)[C@](CC(C)(C)[C@H]2OC(/C(C)=C/C)=O)([H])C3=CC[C@@]4([H])[C@@](C)(CC[C@]5([H])[C@@]4(CC[C@H](O[C@@](O[C@H](C(O)=O)[C@@H](O[C@]([C@@H]([C@@H](O)[C@@H]6O)O)([H])O[C@@H]6CO)[C@@H]7O)([H])[C@@H]7O[C@]([C@@H]([C@@H](O)[C@@H]8O)O)([H])O[C@@H]8CO)[C@]5(C)CO)C)[C@]3(C)C[C@H]1O
5,Glucoraphanin,21414-41-5,437.51,C12H23NO10S3,FALSE,CS(CCCC/C(S[C@@H]1O[C@@H]([C@@H](O)[C@H](O)[C@H]1O)CO)=N\OS(=O)(O)=O)=O
5,Citric acid (tripotassium hydrate),6100/5/6,324.41,C6H7K3O8,FALSE,O=C(O[K])CC(C(O[K])=O)(O)CC(O[K])=O.O
5,Fucosterol,17605-67-3,412.69,C29H48O,FALSE,C/C=C(C(C)C)/CC[C@@H](C)[C@H]1CC[C@@]2([H])[C@]3([H])CC=C4CC(O)CC[C@]4(C)[C@@]3([H])CC[C@]12C
5,Salicin,138-52-3,286.28,C13H18O7,FALSE,O[C@H]([C@H]([C@@H]([C@@H](CO)O1)O)O)[C@@H]1OC2=CC=CC=C2CO
5,Carboxyatractyloside (tripotassium),77228-71-8,885.09,C31H43K3O18S2,FALSE,C=C([C@H](CC1)C2)[C@H](O)[C@@]32CC[C@]4([H])[C@@](C(O)=O)(C(O[K])=O)C[C@@H](O[C@@H]5[C@H]([C@@H]([C@H]([C@H](CO)O5)OS(=O)(O[K])=O)OS(=O)(O[K])=O)OC(CC(C)C)=O)C[C@@]4(C)[C@@]31[H]
5,trans-Chalcone,614-47-1,208.26,C15H12O,TRUE,O=C(C1=CC=CC=C1)/C=C/C2=CC=CC=C2
5,Baicalin,21967-41-9,446.36,C21H18O11,TRUE,O[C@H]([C@H]([C@@H]([C@@H](C(O)=O)O1)O)O)[C@@H]1OC2=C(O)C(O)=C3C(C=C(C4=CC=CC=C4)OC3=C2)=O
5,S-Allyl-L-cysteine,21593-77-1,161.22,C6H11NO2S,TRUE,N[C@@H](CSCC=C)C(O)=O
5,Fosbretabulin (disodium),168555-66-6,440.29,C18H19Na2O8P,FALSE,COC1=C(OC)C(OC)=CC(/C=C\C2=CC=C(OC)C(OP(O[Na])(O[Na])=O)=C2)=C1
5,Hydroxytyrosol,10597-60-1,154.16,C8H10O3,FALSE,OC1=CC=C(CCO)C=C1O
5,Tanshinone I,568-73-0,276.29,C18H12O3,TRUE,O=C(C1=C2C=CC3=C1C=CC=C3C)C(C4=C2OC=C4C)=O
5,Groenlandicine,38691-95-1,322.33,C19H16NO4+,FALSE,COC1=CC2=C(C=C1O)CC[N+]3=CC4=C(C=CC5=C4OCO5)C=C23
5,Schisandrin,7432-28-2,432.51,C24H32O7,TRUE,O[C@]1(C)[C@@H](C)CC2=CC(OC)=C(OC)C(OC)=C2C3=C(OC)C(OC)=C(OC)C=C3C1
5,Cycleanine,518-94-5,622.75,C38H42N2O6,TRUE,COC1=C(OC2=CC=C(C[C@](N(CC3)C)([H])C4=C3C=C5OC)C=C2)C([C@@](N6C)([H])CC7=CC=C(OC4=C5OC)C=C7)=C(CC6)C=C1OC
5,Beta-Sitosterol (purity>80%),83-46-5,414.71,C29H50O,FALSE,CC[C@@H](C(C)C)CC[C@@H](C)[C@H]1CC[C@@]2([H])[C@]3([H])CC=C4C[C@@H](O)CC[C@]4(C)[C@@]3([H])CC[C@]12C
5,Hypocrellin B,123940-54-5,528.51,C30H24O9,TRUE,CC(C1)=C(C(C)=O)C(C2=C(C3=C(O)C=C4OC)C4=C5C(OC)=CC(O)=C6C5=C2C1=C(OC)C6=O)=C(OC)C3=O
5,Usnic acid,125-46-2,344.32,C18H16O7,TRUE,O=C(C1(C)C(OC2=C(C(C)=O)C(O)=C(C)C(O)=C12)=C3)C(C(C)=O)C3=O
5,Nitidine (chloride),13063-04-2,383.82,C21H18ClNO4,FALSE,C[N+]1=CC2=CC(OC)=C(OC)C=C2C(C=CC3=C4)=C1C3=CC5=C4OCO5.[Cl-]
5,Leonurine,24697-74-3,311.33,C14H21N3O5,TRUE,O=C(OCCCCNC(N)=N)C1=CC(OC)=C(O)C(OC)=C1
5,Chrysophanol,481-74-3,254.24,C15H10O4,TRUE,O=C1C2=C(C=CC=C2O)C(C3=CC(C)=CC(O)=C13)=O
5,Coptisine (Sulfate),1198398-71-8,417.39,C19H15NO8S,FALSE,O=S(O)([O-])=O.C1(C(CC[N+]2=C1C=C(C=C3)C(C4=C3OCO4)=C2)=C5)=CC6=C5OCO6
5,Demethyleneberberine (chloride),16705-03-6,359.8,C19H18ClNO4,FALSE,COC1=C(OC)C2=C[N+]3=C(C4=CC(O)=C(O)C=C4CC3)C=C2C=C1.[Cl-]
5,Betulin,473-98-3,442.72,C30H50O2,FALSE,C=C(C)[C@@H]1CC[C@]2(CO)CC[C@@]3(C)[C@]4(C)CC[C@@]5([H])C(C)(C)[C@@H](O)CC[C@]5(C)[C@@]4([H])CC[C@]3([H])[C@]21[H]
5,Methyl oleanonate,1721-58-0,468.71,C31H48O3,FALSE,CC1(C)C(CC[C@]2(C)[C@@]3([H])CC=C4[C@]5([H])CC(C)(C)CC[C@@](C(OC)=O)5CC[C@](C)4[C@@](C)3CC[C@@]12[H])=O
5,Daucosterol,474-58-8,576.85,C35H60O6,FALSE,C[C@H](CC[C@@H](CC)C(C)C)[C@](CC1)([H])[C@]2(C)[C@]1([H])[C@]([C@]3([H])CC2)([H])CC=C([C@]3(C)CC4)C[C@H]4O[C@@]5([H])[C@H](O)[C@@H](O)[C@H](O)[C@@H](CO)O5
5,Isoimperatorin,482-45-1,270.28,C16H14O4,TRUE,O=C1C=CC2=C(OC/C=C(C)/C)C3=C(OC=C3)C=C2O1
5,Lupeol,545-47-1,426.72,C30H50O,FALSE,C[C@]1([C@@]2(CC[C@@]3([H])C4(C)C)C)[C@@](CC[C@]2([H])[C@]3(CC[C@@H]4O)C)([H])[C@]([C@@H]5C(C)=C)([H])[C@](C)(CC5)CC1
5,(-)-Securinine,5610-40-2,217.26,C13H15NO2,TRUE,O=C(O1)C=C2[C@@]13[C@](CCCC4)([H])N4[C@](C3)([H])C=C2
5,8-Oxocoptisine,19716-61-1,335.31,C19H13NO5,TRUE,O=C1N2C(C3=CC(OCO4)=C4C=C3CC2)=CC5=CC=C6C(OCO6)=C15
5,Sanguinarine (chloride),5578-73-4,367.78,C20H14ClNO4,TRUE,C[N+]1=CC2=C3C(OCO3)=CC=C2C(C=CC4=C5)=C1C4=CC6=C5OCO6.[Cl-]
5,Kalii Dehydrographolidi Succinas,76958-99-1,570.67,C28H35KO10,FALSE,O=C(OC[C@]1(C)[C@H](OC(CCC(O)=O)=O)CC[C@@]2(C)[C@H](/C=C/C3=CCOC3=O)C(CC[C@]12[H])=C)CCC(O[K])=O
5,Brassinolide,72962-43-7,480.68,C28H48O6,TRUE,O[C@H]1[C@@H](O)C[C@@](C(OC[C@]2([H])[C@]3([H])CC[C@@]4(C)[C@]2(CC[C@]4([H])[C@H](C)[C@@H](O)[C@H](O)[C@H](C(C)C)C)[H])=O)([H])[C@]3(C)C1
5,Orientin,28608-75-5,448.38,C21H20O11,TRUE,O[C@@H]1[C@@H](O)[C@H](C2=C(O)C=C(O)C3=C2OC(C4=CC=C(O)C(O)=C4)=CC3=O)O[C@H](CO)[C@H]1O
